Name,Manufacturer,Availability,Quantity,Price,Images_link
2baconil - 14mg Nicotine Patch For Quit Smoking/tobacco - Step 2,2BACONIL,TRUE,20,665,['https://cdn01.pharmeasy.in/dam/products_otc/260425/2baconil-14mg-nicotine-patch-for-quit-smoking-tobacco-step-2-1.jpg?dim=300x0&f=jpg&dpr=1&q=60']
2baconil - 21mg Nicotine Patch For Quit Smoking/tobacco - Step 1,2BACONIL,TRUE,20,840,['https://cdn01.pharmeasy.in/dam/products_otc/260426/2baconil-21mg-nicotine-patch-for-quit-smoking-tobacco-step-1-1.jpg?dim=300x0&f=jpg&dpr=1&q=60']
2baconil - 7mg Nicotine Patch For Quit Smoking/tobacco - Step 3,2BACONIL,TRUE,20,595,['https://cdn01.pharmeasy.in/dam/products_otc/260424/2baconil-7mg-nicotine-patch-for-quit-smoking-tobacco-step-3-1.jpg?dim=300x0&f=jpg&dpr=1&q=60']
Abzorb Anit Fungal Powder - 100 Gm,ABZORB,TRUE,20,125,['https://cdn01.pharmeasy.in/dam/products_otc/000591/abzorb-anit-fungal-powder-100-gm-1.jpg?dim=300x0&f=jpg&dpr=1&q=60']
Acnelak 4 In 1 Face Wash 100ml,ACNELAK,TRUE,20,250,['https://cdn01.pharmeasy.in/dam/products_otc/334467/acnelak-4-in-1-face-wash-100ml-1.jpg?dim=300x0&f=jpg&dpr=1&q=60']
Acteen Face Wash 70gm,ACTEEN,TRUE,20,198,['https://cdn01.pharmeasy.in/dam/products_otc/245855/acteen-face-wash-70gm-1.jpg?dim=300x0&f=jpg&dpr=1&q=60']
Amrutanjan Comfy Snug Fit - 6 Pads,Amrutanjan,TRUE,20,22,['https://cdn01.pharmeasy.in/dam/products_otc/X24293/amrutanjan-comfy-snug-fit-6-pads-1.jpg?dim=300x0&f=jpg&dpr=1&q=60']
Amrutanjan Comfy Ultra Xl - 6 Pads,Amrutanjan,TRUE,20,39,['https://cdn01.pharmeasy.in/dam/products_otc/U60635/amrutanjan-comfy-ultra-xl-6-pads-1.jpg?dim=300x0&f=jpg&dpr=1&q=60']
Amrutanjan Relief Cough & Cold Rub - 30g,Amrutanjan,TRUE,20,50,['https://cdn01.pharmeasy.in/dam/products_otc/S16409/amrutanjan-relief-cough-cold-rub-30g-1.jpg?dim=300x0&f=jpg&dpr=1&q=60']
Amrutanjan Relief Nasal Inhaler - 0.75g,Amrutanjan,TRUE,20,45,['https://cdn01.pharmeasy.in/dam/products_otc/I41299/amrutanjan-relief-nasal-inhaler-075g-1.jpg?dim=300x0&f=jpg&dpr=1&q=60']
Aperlax Tablets For Relief From Constipation - 60's,Essentium Phygen,TRUE,20,599,['https://cdn01.pharmeasy.in/dam/products_otc/I39527/aperlax-tablets-for-relief-from-constipation-60s-1.jpg?dim=300x0&f=jpg&dpr=1&q=60']
Aqualens Comfort Contact Lens Solution - 120ml (lens Care Free),Aqualens,TRUE,20,240,['https://d1ljlatelrv1en.cloudfront.net/Aqualens/resized/small/w14570-front.jpeg']
Aqualens Comfort Contact Lens Solution - 60ml (lens Case Free),Aqualens,TRUE,20,135,['https://d1ljlatelrv1en.cloudfront.net/Aqualens/resized/small/q11248-front.jpeg']
Aqualens Comfort Contact Lens Solution 180 Ml,Aqualens,TRUE,20,295,['https://cdn01.pharmeasy.in/dam/products_otc/D33085/aqualens-comfort-contact-lens-solution-180-ml-1.jpg?dim=300x0&f=jpg&dpr=1&q=60']
Aqualens Comfort Contact Lens Solution 360 Ml,Aqualens,TRUE,20,425,['https://cdn01.pharmeasy.in/dam/products_otc/H36783/aqualens-comfort-contact-lens-solution-360-ml-1.jpg?dim=300x0&f=jpg&dpr=1&q=60']
"Bio Oil - 200 Ml (specialist Skin Care Oil - Scars, Stretch Mark, Ageing, Uneven Skin Tone)",Bio Oil,TRUE,20,1200,['https://cdn01.pharmeasy.in/dam/products_otc/Q75932/bio-oil-200-ml-specialist-skin-care-oil-scars-stretch-mark-ageing-uneven-skin-tone-1.jpg?dim=300x0&f=jpg&dpr=1&q=60']
"Bio Oil - 60 Ml (specialist Skin Care Oil - Scars, Stretch Mark, Ageing, Uneven Skin Tone)",Bio Oil,TRUE,20,450,['https://cdn01.pharmeasy.in/dam/products_otc/I05890/bio-oil-60-ml-specialist-skin-care-oil-scars-stretch-mark-ageing-uneven-skin-tone-1.jpg?dim=300x0&f=jpg&dpr=1&q=60']
Biofrost Cold Therapy Pain Gel - 100g,BioFrost,TRUE,20,249,['https://cdn01.pharmeasy.in/dam/products_otc/H78786/biofrost-cold-therapy-pain-gel-100g-1.jpg?dim=300x0&f=jpg&dpr=1&q=60']
Biofrost Cold Therapy Pain Gel - 50g,BioFrost,TRUE,20,149,['https://cdn01.pharmeasy.in/dam/products_otc/A05999/biofrost-cold-therapy-pain-gel-50g-1.jpg?dim=300x0&f=jpg&dpr=1&q=60']
Biofrost Cold Therapy Roll On - 75g,BioFrost,TRUE,20,199,['https://cdn01.pharmeasy.in/dam/products_otc/A59427/biofrost-cold-therapy-roll-on-75g-1.jpg?dim=300x0&f=jpg&dpr=1&q=60']
2baconil - 14mg Nicotine Patch For Quit Smoking/tobacco - Step 2,2BACONIL,TRUE,20,665,['https://cdn01.pharmeasy.in/dam/products_otc/260425/2baconil-14mg-nicotine-patch-for-quit-smoking-tobacco-step-2-1.jpg?dim=300x0&f=jpg&dpr=1&q=60']
2baconil - 21mg Nicotine Patch For Quit Smoking/tobacco - Step 1,2BACONIL,TRUE,20,840,['https://cdn01.pharmeasy.in/dam/products_otc/260426/2baconil-21mg-nicotine-patch-for-quit-smoking-tobacco-step-1-1.jpg?dim=300x0&f=jpg&dpr=1&q=60']
2baconil - 7mg Nicotine Patch For Quit Smoking/tobacco - Step 3,2BACONIL,TRUE,20,595,['https://cdn01.pharmeasy.in/dam/products_otc/260424/2baconil-7mg-nicotine-patch-for-quit-smoking-tobacco-step-3-1.jpg?dim=300x0&f=jpg&dpr=1&q=60']
Abzorb Anit Fungal Powder - 100 Gm,ABZORB,TRUE,20,125,['https://cdn01.pharmeasy.in/dam/products_otc/000591/abzorb-anit-fungal-powder-100-gm-1.jpg?dim=300x0&f=jpg&dpr=1&q=60']
Acnelak 4 In 1 Face Wash 100ml,ACNELAK,TRUE,20,250,['https://cdn01.pharmeasy.in/dam/products_otc/334467/acnelak-4-in-1-face-wash-100ml-1.jpg?dim=300x0&f=jpg&dpr=1&q=60']
Acteen Face Wash 70gm,ACTEEN,TRUE,20,198,['https://cdn01.pharmeasy.in/dam/products_otc/245855/acteen-face-wash-70gm-1.jpg?dim=300x0&f=jpg&dpr=1&q=60']
Amrutanjan Comfy Snug Fit - 6 Pads,Amrutanjan,TRUE,20,22,['https://cdn01.pharmeasy.in/dam/products_otc/X24293/amrutanjan-comfy-snug-fit-6-pads-1.jpg?dim=300x0&f=jpg&dpr=1&q=60']
Amrutanjan Comfy Ultra Xl - 6 Pads,Amrutanjan,TRUE,20,39,['https://cdn01.pharmeasy.in/dam/products_otc/U60635/amrutanjan-comfy-ultra-xl-6-pads-1.jpg?dim=300x0&f=jpg&dpr=1&q=60']
Amrutanjan Relief Cough & Cold Rub - 30g,Amrutanjan,TRUE,20,50,['https://cdn01.pharmeasy.in/dam/products_otc/S16409/amrutanjan-relief-cough-cold-rub-30g-1.jpg?dim=300x0&f=jpg&dpr=1&q=60']
Amrutanjan Relief Nasal Inhaler - 0.75g,Amrutanjan,TRUE,20,45,['https://cdn01.pharmeasy.in/dam/products_otc/I41299/amrutanjan-relief-nasal-inhaler-075g-1.jpg?dim=300x0&f=jpg&dpr=1&q=60']
Aperlax Tablets For Relief From Constipation - 60's,Essentium Phygen,TRUE,20,599,['https://cdn01.pharmeasy.in/dam/products_otc/I39527/aperlax-tablets-for-relief-from-constipation-60s-1.jpg?dim=300x0&f=jpg&dpr=1&q=60']
Aqualens Comfort Contact Lens Solution - 120ml (lens Care Free),Aqualens,TRUE,20,240,['https://d1ljlatelrv1en.cloudfront.net/Aqualens/resized/small/w14570-front.jpeg']
Aqualens Comfort Contact Lens Solution - 60ml (lens Case Free),Aqualens,TRUE,20,135,['https://d1ljlatelrv1en.cloudfront.net/Aqualens/resized/small/q11248-front.jpeg']
Aqualens Comfort Contact Lens Solution 180 Ml,Aqualens,TRUE,20,295,['https://cdn01.pharmeasy.in/dam/products_otc/D33085/aqualens-comfort-contact-lens-solution-180-ml-1.jpg?dim=300x0&f=jpg&dpr=1&q=60']
Aqualens Comfort Contact Lens Solution 360 Ml,Aqualens,TRUE,20,425,['https://cdn01.pharmeasy.in/dam/products_otc/H36783/aqualens-comfort-contact-lens-solution-360-ml-1.jpg?dim=300x0&f=jpg&dpr=1&q=60']
"Bio Oil - 200 Ml (specialist Skin Care Oil - Scars, Stretch Mark, Ageing, Uneven Skin Tone)",Bio Oil,TRUE,20,1200,['https://cdn01.pharmeasy.in/dam/products_otc/Q75932/bio-oil-200-ml-specialist-skin-care-oil-scars-stretch-mark-ageing-uneven-skin-tone-1.jpg?dim=300x0&f=jpg&dpr=1&q=60']
"Bio Oil - 60 Ml (specialist Skin Care Oil - Scars, Stretch Mark, Ageing, Uneven Skin Tone)",Bio Oil,TRUE,20,450,['https://cdn01.pharmeasy.in/dam/products_otc/I05890/bio-oil-60-ml-specialist-skin-care-oil-scars-stretch-mark-ageing-uneven-skin-tone-1.jpg?dim=300x0&f=jpg&dpr=1&q=60']
Biofrost Cold Therapy Pain Gel - 100g,BioFrost,TRUE,20,249,['https://cdn01.pharmeasy.in/dam/products_otc/H78786/biofrost-cold-therapy-pain-gel-100g-1.jpg?dim=300x0&f=jpg&dpr=1&q=60']
Biofrost Cold Therapy Pain Gel - 50g,BioFrost,TRUE,20,149,['https://cdn01.pharmeasy.in/dam/products_otc/A05999/biofrost-cold-therapy-pain-gel-50g-1.jpg?dim=300x0&f=jpg&dpr=1&q=60']
Biofrost Cold Therapy Roll On - 75g,BioFrost,TRUE,20,199,['https://cdn01.pharmeasy.in/dam/products_otc/A59427/biofrost-cold-therapy-roll-on-75g-1.jpg?dim=300x0&f=jpg&dpr=1&q=60']
Clean & Clear Morning Energy Berry Blast Face Wash - 150ml,Clean & Clear,TRUE,20,175,['https://cdn01.pharmeasy.in/dam/products_otc/E73992/clean-clear-morning-energy-berry-blast-face-wash-150ml-1.jpg?dim=300x0&f=jpg&dpr=1&q=60']
Clean & Clear Morning Energy Berry Blastface Wash - 100ml,Clean & Clear,TRUE,20,135,['https://cdn01.pharmeasy.in/dam/products_otc/Y84865/clean-clear-morning-energy-berry-blastface-wash-100ml-1.jpg?dim=300x0&f=jpg&dpr=1&q=60']
Clean & Clear Morning Energy Lemon Fresh Face Wash - 100ml,Clean & Clear,TRUE,20,135,['https://cdn01.pharmeasy.in/dam/products_otc/L13917/clean-clear-morning-energy-lemon-fresh-face-wash-100ml-1.jpg?dim=300x0&f=jpg&dpr=1&q=60']
Clean & Clear Morning Energy Lemon Fresh Face Wash - 150ml,Clean & Clear,TRUE,20,175,['https://cdn01.pharmeasy.in/dam/products_otc/C95562/clean-clear-morning-energy-lemon-fresh-face-wash-150ml-1.jpg?dim=300x0&f=jpg&dpr=1&q=60']
Clean & Clear Pimple Clearing Face Wash - 40g,Clean & Clear,TRUE,20,70,['https://cdn01.pharmeasy.in/dam/products_otc/N35611/clean-clear-pimple-clearing-face-wash-40g-1.jpg?dim=300x0&f=jpg&dpr=1&q=60']
Clean & Clear Pimple Clearing Face Wash - 80g,Clean & Clear,TRUE,20,130,['https://cdn01.pharmeasy.in/dam/products_otc/228689/clean-clear-pimple-clearing-face-wash-80g-1.jpg?dim=300x0&f=jpg&dpr=1&q=60']
Boro Plus Aloe Gel - 150ml,Boro Plus,TRUE,20,95,['https://cdn01.pharmeasy.in/dam/products_otc/H28738/boro-plus-aloe-gel-150ml-1.jpg?dim=300x0&f=jpg&dpr=1&q=60']
Boro Plus Aloe Gel - 60ml,Boro Plus,TRUE,20,50,['https://cdn01.pharmeasy.in/dam/products_otc/F71844/boro-plus-aloe-gel-60ml-1.jpg?dim=300x0&f=jpg&dpr=1&q=60']
Boro Plus Aloe Gel Haldi Chandan Kesar - 150ml,Boro Plus,TRUE,20,110,['https://cdn01.pharmeasy.in/dam/products_otc/G80381/boro-plus-aloe-gel-haldi-chandan-kesar-150ml-1.jpg?dim=300x0&f=jpg&dpr=1&q=60']
Boro Plus Aloe Gel Haldi Chandan Kesar - 60ml,Boro Plus,TRUE,20,55,['https://cdn01.pharmeasy.in/dam/products_otc/G67162/boro-plus-aloe-gel-haldi-chandan-kesar-60ml-1.jpg?dim=300x0&f=jpg&dpr=1&q=60']
Caladryl Lotion 120ml,Caladryl,TRUE,20,76.16,['https://cdn01.pharmeasy.in/dam/products_otc/I01344/caladryl-lotion-120ml-1.jpg?dim=300x0&f=jpg&dpr=1&q=60']
Caladryl Lotion 60ml,Caladryl,TRUE,20,50.4,['https://cdn01.pharmeasy.in/dam/products_otc/I02133/caladryl-lotion-60ml-1.jpg?dim=300x0&f=jpg&dpr=1&q=60']
Candid Soap 125gm,CANDID,TRUE,20,163.5,['https://cdn01.pharmeasy.in/dam/products_otc/I02173/candid-soap-125gm-1.jpg?dim=300x0&f=jpg&dpr=1&q=60']
Candiderma + Cream 10gm,CANDIDERMA PLUS,TRUE,20,94,['https://cdn01.pharmeasy.in/dam/products_otc/277016/candiderma-cream-10gm-1.jpg?dim=300x0&f=jpg&dpr=1&q=60']
Candiderma + Cream 20gm,CANDIDERMA PLUS,TRUE,20,141.5,['https://cdn01.pharmeasy.in/dam/products_otc/277014/candiderma-cream-20gm-1.jpg?dim=300x0&f=jpg&dpr=1&q=60']
Candidox Lotion 30ml,CANDIDOX,TRUE,20,225,['https://cdn01.pharmeasy.in/dam/products_otc/M24055/candidox-lotion-30ml-1.jpg?dim=300x0&f=jpg&dpr=1&q=60']
Candidox Shampoo 100ml,CANDIDOX,TRUE,20,299,['https://cdn01.pharmeasy.in/dam/products_otc/J45494/candidox-shampoo-100ml-1.jpg?dim=300x0&f=jpg&dpr=1&q=60']
Carmesi All Natural Intimate Cleanser With Olive Leaf Extracts,Carmesi,TRUE,20,299,['https://cdn01.pharmeasy.in/dam/products_otc/L78690/carmesi-all-natural-intimate-cleanser-with-olive-leaf-extracts-1.jpg?dim=300x0&f=jpg&dpr=1&q=60']
"Chicnutrix Bounce - Hair Recovery Complex, Biotin & Selenium For A Good Hair Day, Everyday - Raspberry Flavour - 20 Effervescent Tablets",Chicnutrix,TRUE,20,720,['https://cdn01.pharmeasy.in/dam/products_otc/Z24639/chicnutrix-bounce-hair-recovery-complex-biotin-selenium-for-a-good-hair-day-everyday-raspberry-flavour-20-effervescent-tablets-1.jpg?dim=300x0&f=jpg&dpr=1&q=60']
Chicnutrix Glow - Glutathione And Vitamin C For Skin Radiance & Glow - Strawberry And Lemon Flavour - 20 Effervescent Tablets,Chicnutrix,TRUE,20,1800,['https://cdn01.pharmeasy.in/dam/products_otc/B53333/chicnutrix-glow-glutathione-and-vitamin-c-for-skin-radiance-glow-strawberry-and-lemon-flavour-20-effervescent-tablets-1.jpg?dim=300x0&f=jpg&dpr=1&q=60']
Chicnutrix Super C - Amla Extract & Zinc - Natural Vitamin C For Skin Protection - Orange Flavour - 20 Effervescent Tablets,Chicnutrix,TRUE,20,390,['https://cdn01.pharmeasy.in/dam/products_otc/R95764/chicnutrix-super-c-amla-extract-zinc-natural-vitamin-c-for-skin-protection-orange-flavour-20-effervescent-tablets-1.jpg?dim=300x0&f=jpg&dpr=1&q=60']
Citro Soda Sf Sach 4gm,CITRO SODA,TRUE,20,18.98,['https://cdn01.pharmeasy.in/dam/products_otc/042320/citro-soda-sf-sach-4gm-1.jpg?dim=300x0&f=jpg&dpr=1&q=60']
Clean & Clear Facial Wash - 100ml,Clean & Clear,TRUE,20,130,['https://cdn01.pharmeasy.in/dam/products_otc/228679/clean-clear-facial-wash-100ml-1.jpg?dim=300x0&f=jpg&dpr=1&q=60']
Clean & Clear Facial Wash - 150ml,Clean & Clear,TRUE,20,165,['https://cdn01.pharmeasy.in/dam/products_otc/V83504/clean-clear-facial-wash-150ml-1.jpg?dim=300x0&f=jpg&dpr=1&q=60']
Clean & Clear Morning Energy Aqua Splash Face Wash - 100ml,Clean & Clear,TRUE,20,135,['https://cdn01.pharmeasy.in/dam/products_otc/T35462/clean-clear-morning-energy-aqua-splash-face-wash-100ml-1.jpg?dim=300x0&f=jpg&dpr=1&q=60']
Clean & Clear Morning Energy Aqua Splash Face Wash - 150ml,Clean & Clear,TRUE,20,175,['https://cdn01.pharmeasy.in/dam/products_otc/K02879/clean-clear-morning-energy-aqua-splash-face-wash-150ml-1.jpg?dim=300x0&f=jpg&dpr=1&q=60']
Elovera Imf Cream 50 Gm,Elovera,TRUE,20,280,['https://cdn01.pharmeasy.in/dam/products_otc/065719/elovera-imf-cream-50-gm-1.jpg?dim=300x0&f=jpg&dpr=1&q=60']
Elovera Imf Lotion 50ml,Elovera,TRUE,20,280,['https://cdn01.pharmeasy.in/dam/products_otc/065718/elovera-imf-lotion-50ml-1.jpg?dim=300x0&f=jpg&dpr=1&q=60']
Elovera Lotion 150ml,Elovera,TRUE,20,365,['https://cdn01.pharmeasy.in/dam/products_otc/065721/elovera-lotion-150ml-1.jpg?dim=300x0&f=jpg&dpr=1&q=60']
Elovera Lotion 75ml,Elovera,TRUE,20,230,['https://cdn01.pharmeasy.in/dam/products_otc/239586/elovera-lotion-75ml-1.jpg?dim=300x0&f=jpg&dpr=1&q=60']
Elovera Spf 15 Sunscreen Lotion 60ml,Elovera,TRUE,20,299,['https://cdn01.pharmeasy.in/dam/products_otc/065720/elovera-spf-15-sunscreen-lotion-60ml-1.jpg?dim=300x0&f=jpg&dpr=1&q=60']
Emami 7 Oils In One - 200ml,Emami,TRUE,20,120,['https://cdn01.pharmeasy.in/dam/products_otc/Z08552/emami-7-oils-in-one-200ml-1.jpg?dim=300x0&f=jpg&dpr=1&q=60']
Emami 7 Oils In One Damage Control Hair Oil - 100ml,Emami,TRUE,20,63,['https://cdn01.pharmeasy.in/dam/products_otc/I05668/emami-7-oils-in-one-damage-control-hair-oil-100ml-1.jpg?dim=300x0&f=jpg&dpr=1&q=60']
Everyuth Naturals Micellar Cleanser - 100ml,Everyuth Naturals,TRUE,20,225,['https://cdn01.pharmeasy.in/dam/products_otc/J15455/everyuth-naturals-micellar-cleanser-100ml-1.jpg?dim=300x0&f=jpg&dpr=1&q=60']
Everyuth Naturals Tan Removal Serum - 30ml,Everyuth Naturals,TRUE,20,299,['https://cdn01.pharmeasy.in/dam/products_otc/O77966/everyuth-naturals-tan-removal-serum-30ml-1.jpg?dim=300x0&f=jpg&dpr=1&q=60']
Ezee Medical Bouffant Cap - 90 Pcs,Ezee,TRUE,20,50,['https://cdn01.pharmeasy.in/dam/products_otc/O24862/ezee-medical-bouffant-cap-90-pcs-1.jpg?dim=300x0&f=jpg&dpr=1&q=60']
Fair And Handsome 100% Oil Clear Face Wash 50 Gm,Emami,TRUE,20,70,['https://cdn01.pharmeasy.in/dam/products_otc/I05663/fair-and-handsome-100-oil-clear-face-wash-50-gm-1.jpg?dim=300x0&f=jpg&dpr=1&q=60']
Fair And Handsome 100% Oil Clear Facewash 100 Gm,Emami,TRUE,20,145,['https://cdn01.pharmeasy.in/dam/products_otc/I05662/fair-and-handsome-100-oil-clear-facewash-100-gm-1.jpg?dim=300x0&f=jpg&dpr=1&q=60']
Friends Easy Adult Diapers Medium - (taped Diaper) - 10's,Friends,TRUE,20,500,['https://cdn01.pharmeasy.in/dam/products_otc/080200/friends-easy-adult-diapers-medium-taped-diaper-10s-1.jpg?dim=300x0&f=jpg&dpr=1&q=60']
Garlic Pearls - Natural Way To Heathy Heart & Digestion - 100s,Garlic Pearls,TRUE,20,115,['https://cdn01.pharmeasy.in/dam/products_otc/081970/garlic-pearls-natural-way-to-heathy-heart-digestion-100s-1.jpg?dim=300x0&f=jpg&dpr=1&q=60']
"Garnier Color Naturals Crme Hair Color, Shade 1 Natural Black - 70ml + 60g",Garnier,TRUE,20,180,['https://cdn01.pharmeasy.in/dam/products_otc/W46332/garnier-color-naturals-crme-hair-color-shade-1-natural-black-70ml-60g-1.jpg?dim=300x0&f=jpg&dpr=1&q=60']
"Garnier Color Naturals Crme Hair Color, Shade 3 Darkest Brown - 70ml + 60g",Garnier,TRUE,20,180,['https://cdn01.pharmeasy.in/dam/products_otc/T23675/garnier-color-naturals-crme-hair-color-shade-3-darkest-brown-70ml-60g-1.jpg?dim=300x0&f=jpg&dpr=1&q=60']
"Garnier Color Naturals Crme Hair Color, Shade 3.16 Burgundy - 70ml + 60g",Garnier,TRUE,20,180,['https://cdn01.pharmeasy.in/dam/products_otc/K72442/garnier-color-naturals-crme-hair-color-shade-316-burgundy-70ml-60g-1.jpg?dim=300x0&f=jpg&dpr=1&q=60']
"Garnier Color Naturals Crme Hair Color, Shade 4 Brown - 70ml + 60g",Garnier,TRUE,20,180,['https://cdn01.pharmeasy.in/dam/products_otc/S49162/garnier-color-naturals-crme-hair-color-shade-4-brown-70ml-60g-1.jpg?dim=300x0&f=jpg&dpr=1&q=60']
"Garnier Color Naturals Hair Color For Men, Shade 1, Natural Black - 67.5gm",Garnier,TRUE,20,115,['https://cdn01.pharmeasy.in/dam/products_otc/P37723/garnier-color-naturals-hair-color-for-men-shade-1-natural-black-675gm-1.jpg?dim=300x0&f=jpg&dpr=1&q=60']
"Garnier Color Naturals Hair Color For Men, Shade 3, Darkest Brown - 67.5gm",Garnier,TRUE,20,115,['https://cdn01.pharmeasy.in/dam/products_otc/V62674/garnier-color-naturals-hair-color-for-men-shade-3-darkest-brown-675gm-1.jpg?dim=300x0&f=jpg&dpr=1&q=60']
Hansaplast Crepe Bandage - (8cm X 4m),Hansaplast,TRUE,20,230,['https://cdn01.pharmeasy.in/dam/products_otc/W61955/hansaplast-crepe-bandage-8cm-x-4m-1.jpg?dim=300x0&f=jpg&dpr=1&q=60']
Hansaplast Fixation Tape - (2.5cm X 9.14m),Hansaplast,TRUE,20,76,['https://cdn01.pharmeasy.in/dam/products_otc/O22179/hansaplast-fixation-tape-25cm-x-914m-1.jpg?dim=300x0&f=jpg&dpr=1&q=60']
Hansaplast Fixation Tape - (5cm X 9.14m),Hansaplast,TRUE,20,152,['https://cdn01.pharmeasy.in/dam/products_otc/D33314/hansaplast-fixation-tape-5cm-x-914m-1.jpg?dim=300x0&f=jpg&dpr=1&q=60']
Hansaplast Fixation Tape - (7.5cm X 9.14m),Hansaplast,TRUE,20,228,['https://cdn01.pharmeasy.in/dam/products_otc/A01900/hansaplast-fixation-tape-75cm-x-914m-1.jpg?dim=300x0&f=jpg&dpr=1&q=60']
Hansaplast Jumbo - 2s,Hansaplast,TRUE,20,20,['https://cdn01.pharmeasy.in/dam/products_otc/J88298/hansaplast-jumbo-2s-1.jpg?dim=300x0&f=jpg&dpr=1&q=60']
Hansaplast Lion Belladona Plaster - (10 Plasters),Hansaplast,TRUE,20,150,['https://cdn01.pharmeasy.in/dam/products_otc/I47474/hansaplast-lion-belladona-plaster-10-plasters-1.jpg?dim=300x0&f=jpg&dpr=1&q=60']
Hansaplast Lion Heat Plaster - (4 Plasters),Hansaplast,TRUE,20,30,['https://cdn01.pharmeasy.in/dam/products_otc/I36106/hansaplast-lion-heat-plaster-4-plasters-1.jpg?dim=300x0&f=jpg&dpr=1&q=60']
Hansaplast Silverhealing Washproof - ( 10 Strips),Hansaplast,TRUE,20,30,['https://cdn01.pharmeasy.in/dam/products_otc/I47502/hansaplast-silverhealing-washproof-10-strips-1.jpg?dim=300x0&f=jpg&dpr=1&q=60']
Hansaplast Washproof - (8 Strips),Hansaplast,TRUE,20,20,['https://cdn01.pharmeasy.in/dam/products_otc/I47491/hansaplast-washproof-8-strips-1.jpg?dim=300x0&f=jpg&dpr=1&q=60']
Healthvit Activated Charcoal Facewash - 100g,Healthvit,TRUE,20,200,['https://cdn01.pharmeasy.in/dam/products_otc/C17159/healthvit-activated-charcoal-facewash-100g-1.jpg?dim=300x0&f=jpg&dpr=1&q=60']
Healthvit Activated Charcoal Instant Teeth Whitening Powder - 20g,Healthvit,TRUE,20,300,['https://cdn01.pharmeasy.in/dam/products_otc/L80998/healthvit-activated-charcoal-instant-teeth-whitening-powder-20g-1.jpg?dim=300x0&f=jpg&dpr=1&q=60']
Healthvit Activated Charcoal Teeth Whitening Toothpaste - Mint Flavour - 100g,Healthvit,TRUE,20,200,['https://cdn01.pharmeasy.in/dam/products_otc/R09577/healthvit-activated-charcoal-teeth-whitening-toothpaste-mint-flavour-100g-1.jpg?dim=300x0&f=jpg&dpr=1&q=60']
Healthvit Biotin Hair Growth Shampoo - 200ml,Healthvit,TRUE,20,650,['https://cdn01.pharmeasy.in/dam/products_otc/V90688/healthvit-biotin-hair-growth-shampoo-200ml-1.jpg?dim=300x0&f=jpg&dpr=1&q=60']
"Healthvit E-vit Vitamin E Skin Oil For Skin Tone Lightening, 60ml (pack Of 3)",Healthvit,TRUE,20,300,['https://cdn01.pharmeasy.in/dam/products_otc/G63150/healthvit-e-vit-vitamin-e-skin-oil-for-skin-tone-lightening-60ml-pack-of-3-1.jpg?dim=300x0&f=jpg&dpr=1&q=60']
Healthvit E-vitan Vitamin E Hair Oil (strengthen & Soft Hair) - 100ml,Healthvit,TRUE,20,200,['https://cdn01.pharmeasy.in/dam/products_otc/L18921/healthvit-e-vitan-vitamin-e-hair-oil-strengthen-soft-hair-100ml-1.jpg?dim=300x0&f=jpg&dpr=1&q=60']
Healthvit Femyvit Women Multivitamins - 60 Tablets,Healthvit,TRUE,20,300,['https://cdn01.pharmeasy.in/dam/products_otc/G28496/healthvit-femyvit-women-multivitamins-60-tablets-1.jpg?dim=300x0&f=jpg&dpr=1&q=60']
Healthvit Haironic-man Hair Growth Formula - 60 Tablets,Healthvit,TRUE,20,500,['https://cdn01.pharmeasy.in/dam/products_otc/M32053/healthvit-haironic-man-hair-growth-formula-60-tablets-1.jpg?dim=300x0&f=jpg&dpr=1&q=60']
Herboglo Herbal Capsules For Acne/pimples & Radiant Glowing Skin Care (60),Essentium Phygen,TRUE,20,675,['https://cdn01.pharmeasy.in/dam/products_otc/I39525/herboglo-herbal-capsules-for-acne-pimples-radiant-glowing-skin-care-60-1.jpg?dim=300x0&f=jpg&dpr=1&q=60']
Highgrow For Hair Growth Tablets - 10 Tablets (pack Of 3),West Coast,TRUE,20,570,['https://cdn01.pharmeasy.in/dam/products_otc/F76768/highgrow-for-hair-growth-tablets-10-tablets-pack-of-3-1.jpg?dim=300x0&f=jpg&dpr=1&q=60']
Hima Ashvagandha Tab 60's,HIMA ASHVAGANDHA,TRUE,20,150,['https://cdn01.pharmeasy.in/dam/products_otc/192968/hima-ashvagandha-tab-60s-1.jpg?dim=300x0&f=jpg&dpr=1&q=60']
Garnier Men Acno Fight Anti-pimple Facewash - 100gm,Garnier,TRUE,20,180,['https://cdn01.pharmeasy.in/dam/products_otc/H90413/garnier-men-acno-fight-anti-pimple-facewash-100gm-1.jpg?dim=300x0&f=jpg&dpr=1&q=60']
Garnier Men Power White Anti-pollution Double Action Facewash - 100gm,Garnier,TRUE,20,180,['https://cdn01.pharmeasy.in/dam/products_otc/T53487/garnier-men-power-white-anti-pollution-double-action-facewash-100gm-1.jpg?dim=300x0&f=jpg&dpr=1&q=60']
Garnier Skin Naturals Light Complete Duo Action Facewash - 100g,Garnier,TRUE,20,160,['https://cdn01.pharmeasy.in/dam/products_otc/Z46323/garnier-skin-naturals-light-complete-duo-action-facewash-100g-1.jpg?dim=300x0&f=jpg&dpr=1&q=60']
"Garnier Skin Naturals, Charcoal, Face Serum Sheet Mask (black) - 28g",Garnier,TRUE,20,75,['https://cdn01.pharmeasy.in/dam/products_otc/Y86339/garnier-skin-naturals-charcoal-face-serum-sheet-mask-black-28g-1.jpg?dim=300x0&f=jpg&dpr=1&q=60']
"Garnier Skin Naturals, Hydra Bomb, Face Serum Sheet Mask (blue) - 32g",Garnier,TRUE,20,99,['https://cdn01.pharmeasy.in/dam/products_otc/A51241/garnier-skin-naturals-hydra-bomb-face-serum-sheet-mask-blue-32g-1.jpg?dim=300x0&f=jpg&dpr=1&q=60']
"Garnier Skin Naturals, Light Complete, Face Serum Sheet Mask (yellow) - 32g",Garnier,TRUE,20,99,['https://cdn01.pharmeasy.in/dam/products_otc/V08451/garnier-skin-naturals-light-complete-face-serum-sheet-mask-yellow-32g-1.jpg?dim=300x0&f=jpg&dpr=1&q=60']
"Garnier Skin Naturals, Micellar Cleansing Water - 400ml",Garnier,TRUE,20,349,['https://cdn01.pharmeasy.in/dam/products_otc/T02583/garnier-skin-naturals-micellar-cleansing-water-400ml-1.jpg?dim=300x0&f=jpg&dpr=1&q=60']
Gaviscon Peppermint Liquid 150ml,GAVISCON,TRUE,20,122,['https://cdn01.pharmeasy.in/dam/products_otc/331770/gaviscon-peppermint-liquid-150ml-1.jpg?dim=300x0&f=jpg&dpr=1&q=60']
Go365 Nutra Tablets - 30 Tablet,GO365,TRUE,20,431,['https://cdn01.pharmeasy.in/dam/products_otc/E87251/go365-nutra-tablets-30-tablet-1.jpg?dim=300x0&f=jpg&dpr=1&q=60']
Go365 Ointment - 30 Gm,GO365,TRUE,20,75,['https://cdn01.pharmeasy.in/dam/products_otc/N09624/go365-ointment-30-gm-1.jpg?dim=300x0&f=jpg&dpr=1&q=60']
Hair 4u 10% Solution 60ml,Hair 4U,TRUE,20,895,['https://cdn01.pharmeasy.in/dam/products_otc/223934/hair-4u-10-solution-60ml-1.jpg?dim=300x0&f=jpg&dpr=1&q=60']
Hair 4u 5% Spray 60ml,Hair 4U,TRUE,20,700,['https://cdn01.pharmeasy.in/dam/products_otc/269322/hair-4u-5-spray-60ml-1.jpg?dim=300x0&f=jpg&dpr=1&q=60']
Hair 4u Conditioner 100 Gm,Hair 4U,TRUE,20,410,['https://cdn01.pharmeasy.in/dam/products_otc/270333/hair-4u-conditioner-100-gm-1.jpg?dim=300x0&f=jpg&dpr=1&q=60']
Hair 4u Cpx Anagain Serum 60 Ml,Hair 4U,TRUE,20,1450,['https://cdn01.pharmeasy.in/dam/products_otc/I00111/hair-4u-cpx-anagain-serum-60-ml-1.jpg?dim=300x0&f=jpg&dpr=1&q=60']
Hair 4u F 5% Solution 60ml,Hair 4U,TRUE,20,674,['https://cdn01.pharmeasy.in/dam/products_otc/I01487/hair-4u-f-5-solution-60ml-1.jpg?dim=300x0&f=jpg&dpr=1&q=60']
Hair 4u F Lotion,Hair 4U,TRUE,20,674,['https://cdn01.pharmeasy.in/dam/products_otc/348029/hair-4u-f-lotion-1.jpg?dim=300x0&f=jpg&dpr=1&q=60']
Hair 4u Shampoo - 100ml,Hair 4U,TRUE,20,410,['https://cdn01.pharmeasy.in/dam/products_otc/269302/hair-4u-shampoo-100ml-1.jpg?dim=300x0&f=jpg&dpr=1&q=60']
Haironic Hair Nourishing Vitalizer 100ml For Damaged Hair Pack Of 3,West Coast,TRUE,20,675,['https://cdn01.pharmeasy.in/dam/products_otc/W07212/haironic-hair-nourishing-vitalizer-100ml-for-damaged-hair-pack-of-3-1.jpg?dim=300x0&f=jpg&dpr=1&q=60']
Hansaplast Crepe Bandage - (10cm X 4m),Hansaplast,TRUE,20,270,['https://cdn01.pharmeasy.in/dam/products_otc/H65004/hansaplast-crepe-bandage-10cm-x-4m-1.jpg?dim=300x0&f=jpg&dpr=1&q=60']
Hansaplast Crepe Bandage - (6cm X 4m),Hansaplast,TRUE,20,190,['https://cdn01.pharmeasy.in/dam/products_otc/F05498/hansaplast-crepe-bandage-6cm-x-4m-1.jpg?dim=300x0&f=jpg&dpr=1&q=60']
"Dettol Germ Protection Handwash Refill, Skincare- 175ml (pack Of 3)",Dettol,TRUE,20,134,['https://cdn01.pharmeasy.in/dam/products_otc/I40645/dettol-germ-protection-handwash-refill-skincare-175ml-pack-of-3-1.jpg?dim=300x0&f=jpg&dpr=1&q=60']
"Dettol Liquid Handwash Pump, Original- 200 Ml",Dettol,TRUE,20,79,['https://cdn01.pharmeasy.in/dam/products_otc/I07196/dettol-liquid-handwash-pump-original-200-ml-1.jpg?dim=300x0&f=jpg&dpr=1&q=60']
"Dettol Liquid Handwash Refill, Original - 175 Ml",Dettol,TRUE,20,45,['https://cdn01.pharmeasy.in/dam/products_otc/I05052/dettol-liquid-handwash-refill-original-175-ml-1.jpg?dim=300x0&f=jpg&dpr=1&q=60']
"Dettol Ph-balanced Liquid Handwash Pump, Sensitive- 200 Ml",Dettol,TRUE,20,79,['https://cdn01.pharmeasy.in/dam/products_otc/I40111/dettol-ph-balanced-liquid-handwash-pump-sensitive-200-ml-1.jpg?dim=300x0&f=jpg&dpr=1&q=60']
"Dettol Ph-balanced Liquid Handwash Refill Jar, Skincare- 900 Ml",Dettol,TRUE,20,149,['https://cdn01.pharmeasy.in/dam/products_otc/I05065/dettol-ph-balanced-liquid-handwash-refill-jar-skincare-900-ml-1.jpg?dim=300x0&f=jpg&dpr=1&q=60']
"Dettol Ph-balanced Liquid Handwash Refill Pouch, Skincare - 175 Ml",Dettol,TRUE,20,58,['https://cdn01.pharmeasy.in/dam/products_otc/I40119/dettol-ph-balanced-liquid-handwash-refill-pouch-skincare-175-ml-1.jpg?dim=300x0&f=jpg&dpr=1&q=60']
Digene Fizz Lemon Sach,Digene,TRUE,20,8,['https://cdn01.pharmeasy.in/dam/products_otc/262270/digene-fizz-lemon-sach-1.jpg?dim=300x0&f=jpg&dpr=1&q=60']
Digene Gel Mint Flavour For Acidity & Gas Relief - 200ml,Digene,TRUE,20,115,['https://cdn01.pharmeasy.in/dam/products_otc/255390/digene-gel-mint-flavour-for-acidity-gas-relief-200ml-1.jpg?dim=300x0&f=jpg&dpr=1&q=60']
Digene Gel Mint Flavour For Acidity & Gas Relief - 450ml,Digene,TRUE,20,173,['https://cdn01.pharmeasy.in/dam/products_otc/275570/digene-gel-mint-flavour-for-acidity-gas-relief-450ml-1.jpg?dim=300x0&f=jpg&dpr=1&q=60']
Digene Gel Mixed Fruit Flavour For Acidity & Gas Relief - 200ml,Digene,TRUE,20,115,['https://cdn01.pharmeasy.in/dam/products_otc/I35832/digene-gel-mixed-fruit-flavour-for-acidity-gas-relief-200ml-1.jpg?dim=300x0&f=jpg&dpr=1&q=60']
Digene Gel Orange Flavour For Acidity & Gas Relief - 450ml,Digene,TRUE,20,180.21,['https://cdn01.pharmeasy.in/dam/products_otc/I36511/digene-gel-orange-flavour-for-acidity-gas-relief-450ml-1.jpg?dim=300x0&f=jpg&dpr=1&q=60']
Digene Sugar Free Orange Flavour Gel 200ml,Digene,TRUE,20,108.85,['https://cdn01.pharmeasy.in/dam/products_otc/I37215/digene-sugar-free-orange-flavour-gel-200ml-1.jpg?dim=300x0&f=jpg&dpr=1&q=60']
Digene Tablets Mixed Fruit For Acidity & Gas Relief - 15's,Digene,TRUE,20,18.15,['https://cdn01.pharmeasy.in/dam/products_otc/272033/digene-tablets-mixed-fruit-for-acidity-gas-relief-15s-1.jpg?dim=300x0&f=jpg&dpr=1&q=60']
Digene Tablets Orange Flavour For Acidity & Gas Relief - 15's,Digene,TRUE,20,18.15,['https://cdn01.pharmeasy.in/dam/products_otc/280271/digene-tablets-orange-flavour-for-acidity-gas-relief-15s-1.jpg?dim=300x0&f=jpg&dpr=1&q=60']
Digeplex Drops - 15ml,DIGEPLEX,TRUE,20,72.59,['https://cdn01.pharmeasy.in/dam/products_otc/056900/digeplex-drops-15ml-1.jpg?dim=300x0&f=jpg&dpr=1&q=60']
Digeplex Sugar Free Liquid 100ml,DIGEPLEX,TRUE,20,75.34,['https://cdn01.pharmeasy.in/dam/products_otc/056920/digeplex-sugar-free-liquid-100ml-1.jpg?dim=300x0&f=jpg&dpr=1&q=60']
Digeplex Sugar Free Liquid 200ml,DIGEPLEX,TRUE,20,119.89,['https://cdn01.pharmeasy.in/dam/products_otc/J74734/digeplex-sugar-free-liquid-200ml-1.jpg?dim=300x0&f=jpg&dpr=1&q=60']
Eazol Antacid Syrup 200 Ml,Eazol,TRUE,20,99,['https://cdn01.pharmeasy.in/dam/products_otc/I41948/eazol-antacid-syrup-200-ml-1.jpg?dim=300x0&f=jpg&dpr=1&q=60']
Elovera Cream 150gm,Elovera,TRUE,20,360,['https://cdn01.pharmeasy.in/dam/products_otc/065713/elovera-cream-150gm-1.jpg?dim=300x0&f=jpg&dpr=1&q=60']
Elovera Cream 75gm,Elovera,TRUE,20,240,['https://cdn01.pharmeasy.in/dam/products_otc/241829/elovera-cream-75gm-1.jpg?dim=300x0&f=jpg&dpr=1&q=60']
"Mamaearth Natural Shampoo - 200ml & Conditioners - 200ml With Biotin, Protien, Bhringraj, Amla For Hair Fall And Shiny Hair, Sulphate And Sles Free",Mamaearth,TRUE,20,698,['https://cdn01.pharmeasy.in/dam/products_otc/E88025/mamaearth-natural-shampoo-200ml-conditioners-200ml-with-biotin-protien-bhringraj-amla-for-hair-fall-and-shiny-hair-sulphate-and-sles-free-1.jpg?dim=300x0&f=jpg&dpr=1&q=60']
"Mamaearth No More Tangles Hair Conditioner - 200ml With Milk Protein, Fenugreek, Amla And Tea Tree. No Sulfates, No Silicones",Mamaearth,TRUE,20,349,['https://cdn01.pharmeasy.in/dam/products_otc/N72379/mamaearth-no-more-tangles-hair-conditioner-200ml-with-milk-protein-fenugreek-amla-and-tea-tree-no-sulfates-no-silicones-1.jpg?dim=300x0&f=jpg&dpr=1&q=60']
Mamaearth Oil Free Moisturizer For Face With Apple Cider Vinegar For Acne Prone Skin - 80ml,Mamaearth,TRUE,20,299,['https://cdn01.pharmeasy.in/dam/products_otc/P66653/mamaearth-oil-free-moisturizer-for-face-with-apple-cider-vinegar-for-acne-prone-skin-80ml-1.jpg?dim=300x0&f=jpg&dpr=1&q=60']
Mamaearth Onion Conditioner For Hair Growth & Hair Fall Control With Coconut Oil - 400ml,Mamaearth,TRUE,20,559,['https://cdn01.pharmeasy.in/dam/products_otc/V89236/mamaearth-onion-conditioner-for-hair-growth-hair-fall-control-with-coconut-oil-400ml-1.jpg?dim=300x0&f=jpg&dpr=1&q=60']
"Mamaearth Onion Hair Fall Shampoo For Hair Growth & Hair Fall Control, With Onion Oil & Plant Keratin - 250ml",Mamaearth,TRUE,20,349,['https://cdn01.pharmeasy.in/dam/products_otc/M34305/mamaearth-onion-hair-fall-shampoo-for-hair-growth-hair-fall-control-with-onion-oil-plant-keratin-250ml-1.jpg?dim=300x0&f=jpg&dpr=1&q=60']
Mamaearth Onion Shampoo For Hair Growth & Hair Fall Control With Onion Oil & Plant Keratin - 400ml,Mamaearth,TRUE,20,559,['https://cdn01.pharmeasy.in/dam/products_otc/P44216/mamaearth-onion-shampoo-for-hair-growth-hair-fall-control-with-onion-oil-plant-keratin-400ml-1.jpg?dim=300x0&f=jpg&dpr=1&q=60']
"Mamaearth Progrowth Hair Fall Control Tonic - 100ml With Korean Red Ginseng, Milk Protein And Caffeine. No Alcohol",Mamaearth,TRUE,20,499,['https://cdn01.pharmeasy.in/dam/products_otc/E21837/mamaearth-progrowth-hair-fall-control-tonic-100ml-with-korean-red-ginseng-milk-protein-and-caffeine-no-alcohol-1.jpg?dim=300x0&f=jpg&dpr=1&q=60']
"Mamaearth Root Restore Hair Oil - 100ml With Bhringraj, Jojoba, Almond, Olive, Rosemary Oil And Vit. E",Mamaearth,TRUE,20,399,['https://cdn01.pharmeasy.in/dam/products_otc/K20262/mamaearth-root-restore-hair-oil-100ml-with-bhringraj-jojoba-almond-olive-rosemary-oil-and-vit-e-1.jpg?dim=300x0&f=jpg&dpr=1&q=60']
"Mamaearth Skin Lightening & Brightening Combo Ubtan Facemask, 100ml + Ubtan Facewash - 100ml With Turmeric & Saffron",Mamaearth,TRUE,20,748,['https://cdn01.pharmeasy.in/dam/products_otc/J98738/mamaearth-skin-lightening-brightening-combo-ubtan-facemask-100ml-ubtan-facewash-100ml-with-turmeric-saffron-1.jpg?dim=300x0&f=jpg&dpr=1&q=60']
"Mamaearth Skin Plump Serum For Face Glow, With Hyaluronic Acid & Rosehip Oil For Ageless Skin - 30ml",Mamaearth,TRUE,20,599,['https://cdn01.pharmeasy.in/dam/products_otc/D49580/mamaearth-skin-plump-serum-for-face-glow-with-hyaluronic-acid-rosehip-oil-for-ageless-skin-30ml-1.jpg?dim=300x0&f=jpg&dpr=1&q=60']
"Mamaearth Skin Repair Night Cream For Glowing Skin & Anti Ageing, With Collagen, Saffron & Daisy Flower - 50ml",Mamaearth,TRUE,20,599,['https://cdn01.pharmeasy.in/dam/products_otc/E69131/mamaearth-skin-repair-night-cream-for-glowing-skin-anti-ageing-with-collagen-saffron-daisy-flower-50ml-1.jpg?dim=300x0&f=jpg&dpr=1&q=60']
Mamaearth Tea Tree Anti Dandruff Hair Kit Tea Tree Shampoo - 250ml And Tea Tree Conditioner - 250ml,Mamaearth,TRUE,20,698,['https://cdn01.pharmeasy.in/dam/products_otc/S29987/mamaearth-tea-tree-anti-dandruff-hair-kit-tea-tree-shampoo-250ml-and-tea-tree-conditioner-250ml-1.jpg?dim=300x0&f=jpg&dpr=1&q=60']
"Mamaearth Tea Tree Anti Dandruff Shampoo, With Tea Tree & Ginger Oil - 250ml",Mamaearth,TRUE,20,349,['https://cdn01.pharmeasy.in/dam/products_otc/S03700/mamaearth-tea-tree-anti-dandruff-shampoo-with-tea-tree-ginger-oil-250ml-1.jpg?dim=300x0&f=jpg&dpr=1&q=60']
Mamaearth Tea Tree Natural Face Wash - 100ml For Acne & Pimples For Normal & Dry Skin,Mamaearth,TRUE,20,249,['https://cdn01.pharmeasy.in/dam/products_otc/B13652/mamaearth-tea-tree-natural-face-wash-100ml-for-acne-pimples-for-normal-dry-skin-1.jpg?dim=300x0&f=jpg&dpr=1&q=60']
Mamaearth Tea Tree Natural Face Wash For Acne & Pimples - 100ml X 2,Mamaearth,TRUE,20,498,['https://cdn01.pharmeasy.in/dam/products_otc/A75915/mamaearth-tea-tree-natural-face-wash-for-acne-pimples-100ml-x-2-1.jpg?dim=300x0&f=jpg&dpr=1&q=60']
Mamaearth Ubtan Natural Face Wash For Dry Skin With Turmeric & Saffron For Tan Removal And Skin Brightning - 100ml,Mamaearth,TRUE,20,249,['https://cdn01.pharmeasy.in/dam/products_otc/Y02862/mamaearth-ubtan-natural-face-wash-for-dry-skin-with-turmeric-saffron-for-tan-removal-and-skin-brightning-100ml-1.jpg?dim=300x0&f=jpg&dpr=1&q=60']
Mamaearth Ubtan Natural Face Wash With Turmeric & Saffron 100ml X 2,Mamaearth,TRUE,20,498,['https://cdn01.pharmeasy.in/dam/products_otc/A28151/mamaearth-ubtan-natural-face-wash-with-turmeric-saffron-100ml-x-2-1.jpg?dim=300x0&f=jpg&dpr=1&q=60']
Mamaearth Ultra Light Indian Sunscreen - 80ml,Mamaearth,TRUE,20,499,['https://cdn01.pharmeasy.in/dam/products_otc/Z57205/mamaearth-ultra-light-indian-sunscreen-80ml-1.jpg?dim=300x0&f=jpg&dpr=1&q=60']
Mamaearth Under Eye Cream - 50ml,Mamaearth,TRUE,20,599,['https://cdn01.pharmeasy.in/dam/products_otc/B20635/mamaearth-under-eye-cream-50ml-1.jpg?dim=300x0&f=jpg&dpr=1&q=60']
Maticlean Hair Shampoo 200ml,MATICLEAN,TRUE,20,340,['https://cdn01.pharmeasy.in/dam/products_otc/I05929/maticlean-hair-shampoo-200ml-1.jpg?dim=300x0&f=jpg&dpr=1&q=60']
Lactobacil Plus Sachet 1gm,LACTOBACIL PLUS,TRUE,20,15,['https://cdn01.pharmeasy.in/dam/products_otc/201198/lactobacil-plus-sachet-1gm-1.jpg?dim=300x0&f=jpg&dpr=1&q=60']
Liveasy Essential Guardian A95 Reusable Outdoor Protective Mask - Pack Of 3,LivEasy,TRUE,20,447,['https://cdn01.pharmeasy.in/dam/products_otc/T46477/liveasy-essential-guardian-a95-reusable-outdoor-protective-mask-pack-of-3-1.jpg?dim=300x0&f=jpg&dpr=1&q=60']
Mamaearth 's Onion Hair Mask With Onion & Organic Bamboo Vinegar - 200ml,Mamaearth,TRUE,20,599,['https://cdn01.pharmeasy.in/dam/products_otc/E07907/mamaearth-s-onion-hair-mask-with-onion-organic-bamboo-vinegar-200ml-1.jpg?dim=300x0&f=jpg&dpr=1&q=60']
"Mamaearth Anti Dandruff Conditioner, With Tea Tree & Ginger Oil, For Dandruff Free Hair - 250ml",Mamaearth,TRUE,20,349,['https://cdn01.pharmeasy.in/dam/products_otc/S56111/mamaearth-anti-dandruff-conditioner-with-tea-tree-ginger-oil-for-dandruff-free-hair-250ml-1.jpg?dim=300x0&f=jpg&dpr=1&q=60']
Mamaearth Anti Dandruff Tea Tree Hair Mask With Tea Tree And Lemon Oil For Danrduff Control And Itch Treatement - 200ml,Mamaearth,TRUE,20,599,['https://cdn01.pharmeasy.in/dam/products_otc/K64265/mamaearth-anti-dandruff-tea-tree-hair-mask-with-tea-tree-and-lemon-oil-for-danrduff-control-and-itch-treatement-200ml-1.jpg?dim=300x0&f=jpg&dpr=1&q=60']
"Mamaearth Anti Hair Loss Kit (oil, Shampoo, Conditioner & Tonic)",Mamaearth,TRUE,20,999,['https://cdn01.pharmeasy.in/dam/products_otc/L58020/mamaearth-anti-hair-loss-kit-oil-shampoo-conditioner-tonic-1.jpg?dim=300x0&f=jpg&dpr=1&q=60']
Mamaearth Argan Hairfall Control Mask - 200ml,Mamaearth,TRUE,20,599,['https://cdn01.pharmeasy.in/dam/products_otc/T01267/mamaearth-argan-hairfall-control-mask-200ml-1.jpg?dim=300x0&f=jpg&dpr=1&q=60']
Mamaearth Body Creme For Stretch Marks And Scars - 100ml,Mamaearth,TRUE,20,500,['https://cdn01.pharmeasy.in/dam/products_otc/P99680/mamaearth-body-creme-for-stretch-marks-and-scars-100ml-1.jpg?dim=300x0&f=jpg&dpr=1&q=60']
"Mamaearth Bye Bye Blemishes Face Cream, For Pigmentation & Blemish Removal, With Mulberry Extract & Vitamin C - 30ml",Mamaearth,TRUE,20,449,['https://cdn01.pharmeasy.in/dam/products_otc/P82905/mamaearth-bye-bye-blemishes-face-cream-for-pigmentation-blemish-removal-with-mulberry-extract-vitamin-c-30ml-1.jpg?dim=300x0&f=jpg&dpr=1&q=60']
"Mamaearth Bye Bye Dark Circles, Under Eye Cream For Dark Circles, With Cucumber & Peptides - 20ml",Mamaearth,TRUE,20,399,['https://cdn01.pharmeasy.in/dam/products_otc/D80414/mamaearth-bye-bye-dark-circles-under-eye-cream-for-dark-circles-with-cucumber-peptides-20ml-1.jpg?dim=300x0&f=jpg&dpr=1&q=60']
Mamaearth Charcoal Natural Face Wash For Oil Control And Pollution Defence - 100ml,Mamaearth,TRUE,20,249,['https://cdn01.pharmeasy.in/dam/products_otc/U84313/mamaearth-charcoal-natural-face-wash-for-oil-control-and-pollution-defence-100ml-1.jpg?dim=300x0&f=jpg&dpr=1&q=60']
Mamaearth Charcoal Natural Face Wash For Oil Control And Pollution Defence - 100ml (pack Of 2),Mamaearth,TRUE,20,498,['https://cdn01.pharmeasy.in/dam/products_otc/E47892/mamaearth-charcoal-natural-face-wash-for-oil-control-and-pollution-defence-100ml-pack-of-2-1.jpg?dim=300x0&f=jpg&dpr=1&q=60']
"Mamaearth Charcoal, Coffee And Clay Face Mask - 100ml",Mamaearth,TRUE,20,599,['https://cdn01.pharmeasy.in/dam/products_otc/J06214/mamaearth-charcoal-coffee-and-clay-face-mask-100ml-1.jpg?dim=300x0&f=jpg&dpr=1&q=60']
Mamaearth Epsom Bath Salt For Relaxation And Pain Relief - 200g,Mamaearth,TRUE,20,399,['https://cdn01.pharmeasy.in/dam/products_otc/M53700/mamaearth-epsom-bath-salt-for-relaxation-and-pain-relief-200g-1.jpg?dim=300x0&f=jpg&dpr=1&q=60']
Mamaearth Healing Natural Body Lotion With Argan Oil & Macadamia Nut For Women & Men With Dry Skin - 250ml,Mamaearth,TRUE,20,299,['https://cdn01.pharmeasy.in/dam/products_otc/C45885/mamaearth-healing-natural-body-lotion-with-argan-oil-macadamia-nut-for-women-men-with-dry-skin-250ml-1.jpg?dim=300x0&f=jpg&dpr=1&q=60']
Mamaearth Hydrating Natural Body Lotion With Cucumber & Aloevera For Men & Women With Normal Skin - 250ml,Mamaearth,TRUE,20,299,['https://cdn01.pharmeasy.in/dam/products_otc/K31926/mamaearth-hydrating-natural-body-lotion-with-cucumber-aloevera-for-men-women-with-normal-skin-250ml-1.jpg?dim=300x0&f=jpg&dpr=1&q=60']
"Mamaearth Natural Breathe Easy Vapour Roll-on For Cold & Nasal Congestion, With Wintergreen & Eucalyptus Oil - 40ml",Mamaearth,TRUE,20,249,['https://cdn01.pharmeasy.in/dam/products_otc/H39625/mamaearth-natural-breathe-easy-vapour-roll-on-for-cold-nasal-congestion-with-wintergreen-eucalyptus-oil-40ml-1.jpg?dim=300x0&f=jpg&dpr=1&q=60']
"Mamaearth Natural Breathe Easy Vapour Rub Balm, With Wintergreen, Eucalyptus And Tulsi - 50ml",Mamaearth,TRUE,20,199,['https://cdn01.pharmeasy.in/dam/products_otc/G15726/mamaearth-natural-breathe-easy-vapour-rub-balm-with-wintergreen-eucalyptus-and-tulsi-50ml-1.jpg?dim=300x0&f=jpg&dpr=1&q=60']
Mamaearth Natural Radiance Day Cream - 50ml And Overnight Repair Face Cream - 50ml,Mamaearth,TRUE,20,1198,['https://cdn01.pharmeasy.in/dam/products_otc/U24368/mamaearth-natural-radiance-day-cream-50ml-and-overnight-repair-face-cream-50ml-1.jpg?dim=300x0&f=jpg&dpr=1&q=60']
Mamaearth Natural Radiance Day Cream With Spf 20+ With Moringa & Pomegranate Oil - 50ml,Mamaearth,TRUE,20,599,['https://cdn01.pharmeasy.in/dam/products_otc/A50257/mamaearth-natural-radiance-day-cream-with-spf-20-with-moringa-pomegranate-oil-50ml-1.jpg?dim=300x0&f=jpg&dpr=1&q=60']
Himalaya Wellness Pure Herbs Lasuna (60 Tabs) - Cardiac Wellness,HIMALAYA,TRUE,20,152,['https://cdn01.pharmeasy.in/dam/products_otc/090615/himalaya-wellness-pure-herbs-lasuna-60-tabs-cardiac-wellness-1.jpg?dim=300x0&f=jpg&dpr=1&q=60']
Himalaya Wellness Pure Herbs Punarnava (60 Tabs) - Women's Wellness,HIMALAYA,TRUE,20,152,['https://cdn01.pharmeasy.in/dam/products_otc/090860/himalaya-wellness-pure-herbs-punarnava-60-tabs-womens-wellness-1.jpg?dim=300x0&f=jpg&dpr=1&q=60']
Itch Guard Plus Cream - 20gm,Itch Guard,TRUE,20,94.3,['https://cdn01.pharmeasy.in/dam/products_otc/I38872/itch-guard-plus-cream-20gm-1.jpg?dim=300x0&f=jpg&dpr=1&q=60']
Kera Wash Hair Conditioner,KERA,TRUE,20,352,['https://cdn01.pharmeasy.in/dam/products_otc/265194/kera-wash-hair-conditioner-1.jpg?dim=300x0&f=jpg&dpr=1&q=60']
Kofol Chewable - 20 Tablet,KOFOL,TRUE,20,15,['https://cdn01.pharmeasy.in/dam/products_otc/D58349/kofol-chewable-20-tablet-1.jpg?dim=300x0&f=jpg&dpr=1&q=60']
Kofol Chewable - 60 Tablet,KOFOL,TRUE,20,44,['https://cdn01.pharmeasy.in/dam/products_otc/N27936/kofol-chewable-60-tablet-1.jpg?dim=300x0&f=jpg&dpr=1&q=60']
Kofol Gargle - 100 Ml,KOFOL,TRUE,20,126,['https://cdn01.pharmeasy.in/dam/products_otc/F89828/kofol-gargle-100-ml-1.jpg?dim=300x0&f=jpg&dpr=1&q=60']
Kofol Lozenges Honey Lemon - 200 Lozenge In Jar,KOFOL,TRUE,20,200,['https://cdn01.pharmeasy.in/dam/products_otc/M05010/kofol-lozenges-honey-lemon-200-lozenge-in-jar-1.jpg?dim=300x0&f=jpg&dpr=1&q=60']
Kofol Lozenges Mint - 200 Lozenge In Jar,KOFOL,TRUE,20,200,['https://cdn01.pharmeasy.in/dam/products_otc/Y40217/kofol-lozenges-mint-200-lozenge-in-jar-1.jpg?dim=300x0&f=jpg&dpr=1&q=60']
Kofol Lozenges Orange - 200 Lozenge In Jar,KOFOL,TRUE,20,200,['https://cdn01.pharmeasy.in/dam/products_otc/W02874/kofol-lozenges-orange-200-lozenge-in-jar-1.jpg?dim=300x0&f=jpg&dpr=1&q=60']
Kofol Rub - 25 Ml,KOFOL,TRUE,20,60,['https://cdn01.pharmeasy.in/dam/products_otc/P77407/kofol-rub-25-ml-1.jpg?dim=300x0&f=jpg&dpr=1&q=60']
Kofol Syrup - 200 Ml,KOFOL,TRUE,20,140,['https://cdn01.pharmeasy.in/dam/products_otc/T00568/kofol-syrup-200-ml-1.jpg?dim=300x0&f=jpg&dpr=1&q=60']
Krack Heel Repair Cream 15gm,Krack,TRUE,20,50,['https://cdn01.pharmeasy.in/dam/products_otc/I40177/krack-heel-repair-cream-15gm-1.jpg?dim=300x0&f=jpg&dpr=1&q=60']
L'oreal Paris 6 Oil Nourish Shampoo - 360ml,L'Oreal,TRUE,20,265,['https://cdn01.pharmeasy.in/dam/products_otc/N36644/loreal-paris-6-oil-nourish-shampoo-360ml-1.jpg?dim=300x0&f=jpg&dpr=1&q=60']
"L'oreal Paris Casting Creme Gloss Hair Color, 200 Ebony Black - 87.5g+72ml",L'Oreal,TRUE,20,550,['https://cdn01.pharmeasy.in/dam/products_otc/V73229/loreal-paris-casting-creme-gloss-hair-color-200-ebony-black-875g72ml-1.jpg?dim=300x0&f=jpg&dpr=1&q=60']
"L'oreal Paris Casting Creme Gloss Hair Color, 300 Darkest Brown - 87.5g+72ml",L'Oreal,TRUE,20,550,['https://cdn01.pharmeasy.in/dam/products_otc/C29475/loreal-paris-casting-creme-gloss-hair-color-300-darkest-brown-875g72ml-1.jpg?dim=300x0&f=jpg&dpr=1&q=60']
"L'oreal Paris Casting Creme Gloss Hair Color, 316 Burgundy - 87.5g+72ml",L'Oreal,TRUE,20,550,['https://cdn01.pharmeasy.in/dam/products_otc/Y96223/loreal-paris-casting-creme-gloss-hair-color-316-burgundy-875g72ml-1.jpg?dim=300x0&f=jpg&dpr=1&q=60']
"L'oreal Paris Casting Creme Gloss Hair Color, 400 Dark Brown - 87.5g+72ml",L'Oreal,TRUE,20,550,['https://cdn01.pharmeasy.in/dam/products_otc/M35711/loreal-paris-casting-creme-gloss-hair-color-400-dark-brown-875g72ml-1.jpg?dim=300x0&f=jpg&dpr=1&q=60']
"L'oreal Paris Casting Crme Gloss Small Pack Hair Color, 200 Ebony Black - 45g",L'Oreal,TRUE,20,169,['https://cdn01.pharmeasy.in/dam/products_otc/B43462/loreal-paris-casting-crme-gloss-small-pack-hair-color-200-ebony-black-45g-1.jpg?dim=300x0&f=jpg&dpr=1&q=60']
"L'oreal Paris Casting Crme Gloss Small Pack Hair Color, 300 Darkest Brown - 45g",L'Oreal,TRUE,20,169,['https://cdn01.pharmeasy.in/dam/products_otc/Z94298/loreal-paris-casting-crme-gloss-small-pack-hair-color-300-darkest-brown-45g-1.jpg?dim=300x0&f=jpg&dpr=1&q=60']
"L'oreal Paris Casting Crme Gloss Small Pack Hair Color, 316 Burgundy - 45g",L'Oreal,TRUE,20,169,"[""https://d1ljlatelrv1en.cloudfront.net/L'Oreal/resized/small/l37351-front.png""]"
"L'oreal Paris Casting Crme Gloss Small Pack Hair Color, 400 Dark Brown - 45g",L'Oreal,TRUE,20,169,['https://cdn01.pharmeasy.in/dam/products_otc/S09326/loreal-paris-casting-crme-gloss-small-pack-hair-color-400-dark-brown-45g-1.jpg?dim=300x0&f=jpg&dpr=1&q=60']
L'oreal Paris Color Protect Shampoo - 640ml,L'Oreal,TRUE,20,450,['https://cdn01.pharmeasy.in/dam/products_otc/C84613/loreal-paris-color-protect-shampoo-640ml-1.jpg?dim=300x0&f=jpg&dpr=1&q=60']
"L'oreal Paris Excellence Creme Hair Color, 1 Black - 72ml+100g",L'Oreal,TRUE,20,590,['https://cdn01.pharmeasy.in/dam/products_otc/B75603/loreal-paris-excellence-creme-hair-color-1-black-72ml100g-1.jpg?dim=300x0&f=jpg&dpr=1&q=60']
"L'oreal Paris Excellence Creme Hair Color, 3 Dark Brown/natural Darkest Brown - 72ml+100g",L'Oreal,TRUE,20,590,['https://cdn01.pharmeasy.in/dam/products_otc/W58252/loreal-paris-excellence-creme-hair-color-3-dark-brown-natural-darkest-brown-72ml100g-1.jpg?dim=300x0&f=jpg&dpr=1&q=60']
"L'oreal Paris Excellence Creme Hair Color, 3.16 Burgundy - 72ml+100g",L'Oreal,TRUE,20,590,['https://cdn01.pharmeasy.in/dam/products_otc/F52985/loreal-paris-excellence-creme-hair-color-316-burgundy-72ml100g-1.jpg?dim=300x0&f=jpg&dpr=1&q=60']
"L'oreal Paris Excellence Creme Hair Color, 4 Natural Brown/natural Dark Brown - 72ml+100g",L'Oreal,TRUE,20,590,['https://cdn01.pharmeasy.in/dam/products_otc/Z88823/loreal-paris-excellence-creme-hair-color-4-natural-brown-natural-dark-brown-72ml100g-1.jpg?dim=300x0&f=jpg&dpr=1&q=60']
L'oreal Paris Extraordinary Clay Conditioner - 175ml,L'Oreal,TRUE,20,185,['https://cdn01.pharmeasy.in/dam/products_otc/D34240/loreal-paris-extraordinary-clay-conditioner-175ml-1.jpg?dim=300x0&f=jpg&dpr=1&q=60']
L'oreal Paris Extraordinary Clay Shampoo - 175ml,L'Oreal,TRUE,20,150,['https://cdn01.pharmeasy.in/dam/products_otc/E98080/loreal-paris-extraordinary-clay-shampoo-175ml-1.jpg?dim=300x0&f=jpg&dpr=1&q=60']
L'oreal Paris Extraordinary Clay Shampoo - 640ml,L'Oreal,TRUE,20,450,['https://cdn01.pharmeasy.in/dam/products_otc/J42556/loreal-paris-extraordinary-clay-shampoo-640ml-1.jpg?dim=300x0&f=jpg&dpr=1&q=60']
L'oreal Paris Total Repair 5 Conditioner - 175ml,L'Oreal,TRUE,20,185,['https://cdn01.pharmeasy.in/dam/products_otc/S28426/loreal-paris-total-repair-5-conditioner-175ml-1.jpg?dim=300x0&f=jpg&dpr=1&q=60']
L'oreal Paris Total Repair 5 Shampoo - 175ml,L'Oreal,TRUE,20,99,['https://cdn01.pharmeasy.in/dam/products_otc/M89990/loreal-paris-total-repair-5-shampoo-175ml-1.jpg?dim=300x0&f=jpg&dpr=1&q=60']
L'oreal Paris Total Repair 5 Shampoo - 640ml,L'Oreal,TRUE,20,450,['https://cdn01.pharmeasy.in/dam/products_otc/X86058/loreal-paris-total-repair-5-shampoo-640ml-1.jpg?dim=300x0&f=jpg&dpr=1&q=60']
La Matisse Conditioner 100gm,LA MATISSE,TRUE,20,625,['https://cdn01.pharmeasy.in/dam/products_otc/I11258/la-matisse-conditioner-100gm-1.jpg?dim=300x0&f=jpg&dpr=1&q=60']
La Shield Fisico Spf 50+ & Pa+++ Transparent Sunscreen Gel - 50gm,La Shield,TRUE,20,550,['https://cdn01.pharmeasy.in/dam/products_otc/O15703/la-shield-fisico-spf-50-pa-transparent-sunscreen-gel-50gm-1.jpg?dim=300x0&f=jpg&dpr=1&q=60']
La Shield Fisico Sunscreen Gel Spf50,La Shield,TRUE,20,544,['https://cdn01.pharmeasy.in/dam/products_otc/I10740/la-shield-fisico-sunscreen-gel-spf50-1.jpg?dim=300x0&f=jpg&dpr=1&q=60']
La Shield Ir Spf 30 Sunscreen Gel - 60gm,La Shield,TRUE,20,890,['https://cdn01.pharmeasy.in/dam/products_otc/329895/la-shield-ir-spf-30-sunscreen-gel-60gm-1.jpg?dim=300x0&f=jpg&dpr=1&q=60']
La Shield Lite Anti Sunscreen Gel - 30gm,La Shield,TRUE,20,980,['https://cdn01.pharmeasy.in/dam/products_otc/265174/la-shield-lite-anti-sunscreen-gel-30gm-1.jpg?dim=300x0&f=jpg&dpr=1&q=60']
La Shield Spf 40 Sunscreen Gel 60gm,La Shield,TRUE,20,790,['https://cdn01.pharmeasy.in/dam/products_otc/239792/la-shield-spf-40-sunscreen-gel-60gm-1.jpg?dim=300x0&f=jpg&dpr=1&q=60']
Lacto Calamine Oily Skin 120ml,LACTO CALAMINE,TRUE,20,198,['https://cdn01.pharmeasy.in/dam/products_otc/101355/lacto-calamine-oily-skin-120ml-1.jpg?dim=300x0&f=jpg&dpr=1&q=60']
Maxrich Intensive Moist Lotion 250ml,Maxrich,TRUE,20,595,['https://cdn01.pharmeasy.in/dam/products_otc/I15049/maxrich-intensive-moist-lotion-250ml-1.jpg?dim=300x0&f=jpg&dpr=1&q=60']
"Maybelline New York Baby Lips Lip Balm, Pink Lolita - 4 Gm",Maybelline,TRUE,20,175,['https://cdn01.pharmeasy.in/dam/products_otc/S00871/maybelline-new-york-baby-lips-lip-balm-pink-lolita-4-gm-1.jpg?dim=300x0&f=jpg&dpr=1&q=60']
"Mediker Anti Lice Treatment Hair Oil, 50 Ml",Mediker,TRUE,20,34,['https://cdn01.pharmeasy.in/dam/products_otc/111755/mediker-anti-lice-treatment-hair-oil-50-ml-1.jpg?dim=300x0&f=jpg&dpr=1&q=60']
Mediker Anti Lice Treatment Shampoo - 50 Ml,Mediker,TRUE,20,50,['https://cdn01.pharmeasy.in/dam/products_otc/111765/mediker-anti-lice-treatment-shampoo-50-ml-1.jpg?dim=300x0&f=jpg&dpr=1&q=60']
Mirah Belle - Hand Sanitizer (pack Of 4) - 100ml,Mirah Belle,TRUE,20,200,['https://cdn01.pharmeasy.in/dam/products_otc/J68933/mirah-belle-hand-sanitizer-pack-of-4-100ml-1.jpg?dim=300x0&f=jpg&dpr=1&q=60']
Mirah Belle - Hand Sanitizer - 500ml,Mirah Belle,TRUE,20,250,['https://cdn01.pharmeasy.in/dam/products_otc/S90334/mirah-belle-hand-sanitizer-500ml-1.jpg?dim=300x0&f=jpg&dpr=1&q=60']
Mirah Belle Green Apple Hand Wash - 250ml,Mirah Belle,TRUE,20,295,['https://cdn01.pharmeasy.in/dam/products_otc/L08509/mirah-belle-green-apple-hand-wash-250ml-1.jpg?dim=300x0&f=jpg&dpr=1&q=60']
Mirah Belle Lily Of The Valley Hand Wash (floral) - 250ml,Mirah Belle,TRUE,20,295,['https://cdn01.pharmeasy.in/dam/products_otc/Z57148/mirah-belle-lily-of-the-valley-hand-wash-floral-250ml-1.jpg?dim=300x0&f=jpg&dpr=1&q=60']
Mirah Belle Rose Hand Wash (antiseptic) - 250ml,Mirah Belle,TRUE,20,295,['https://cdn01.pharmeasy.in/dam/products_otc/L05444/mirah-belle-rose-hand-wash-antiseptic-250ml-1.jpg?dim=300x0&f=jpg&dpr=1&q=60']
Mirah Belle Sweet Orange Hand Wash (citrus) - 250ml,Mirah Belle,TRUE,20,295,['https://cdn01.pharmeasy.in/dam/products_otc/H60615/mirah-belle-sweet-orange-hand-wash-citrus-250ml-1.jpg?dim=300x0&f=jpg&dpr=1&q=60']
Moov Oint 30gm,Moov,TRUE,20,109,['https://cdn01.pharmeasy.in/dam/products_otc/I37765/moov-oint-30gm-1.jpg?dim=300x0&f=jpg&dpr=1&q=60']
"Moov Pain Relief Cream, Regular - 10 G",Moov,TRUE,20,40,['https://cdn01.pharmeasy.in/dam/products_otc/I11325/moov-pain-relief-cream-regular-10-g-1.jpg?dim=300x0&f=jpg&dpr=1&q=60']
Moov Spray 50gm,Moov,TRUE,20,185,['https://cdn01.pharmeasy.in/dam/products_otc/I08068/moov-spray-50gm-1.jpg?dim=300x0&f=jpg&dpr=1&q=60']
Moov Spray 80gm,Moov,TRUE,20,240,['https://cdn01.pharmeasy.in/dam/products_otc/116770/moov-spray-80gm-1.jpg?dim=300x0&f=jpg&dpr=1&q=60']
Naturals Moisturizing Cream - 100ml + Free Body Lotion 90ml,Everyuth Naturals,TRUE,20,130,['https://cdn01.pharmeasy.in/dam/products_otc/F55494/naturals-moisturizing-cream-100ml-free-body-lotion-90ml-1.jpg?dim=300x0&f=jpg&dpr=1&q=60']
Naturolax A Tasty Orange - 100gm | Natural Relief From Constipation,NATUROLAX,TRUE,20,100,['https://cdn01.pharmeasy.in/dam/products_otc/I35699/naturolax-a-tasty-orange-100gm-natural-relief-from-constipation-1.jpg?dim=300x0&f=jpg&dpr=1&q=60']
Naturolax A Tasty Orange - 300gm | Natural Relief From Constipation,NATUROLAX,TRUE,20,270,['https://cdn01.pharmeasy.in/dam/products_otc/I32481/naturolax-a-tasty-orange-300gm-natural-relief-from-constipation-1.jpg?dim=300x0&f=jpg&dpr=1&q=60']
Neko Dialy Hygiene Soap - 100gm,Neko,TRUE,20,61,['https://cdn01.pharmeasy.in/dam/products_otc/I33842/neko-dialy-hygiene-soap-100gm-1.jpg?dim=300x0&f=jpg&dpr=1&q=60']
New Hair 4u 10% Spray Solu 60ml,Hair 4U,TRUE,20,928,['https://cdn01.pharmeasy.in/dam/products_otc/269320/new-hair-4u-10-spray-solu-60ml-1.jpg?dim=300x0&f=jpg&dpr=1&q=60']
New Hair 4u 2% Spray Solu 60ml,Hair 4U,TRUE,20,330,['https://d1ljlatelrv1en.cloudfront.net/Hair%204U/resized/small/e54174.jpeg']
New Hair 4u 5% Spray Solu 60ml,Hair 4U,TRUE,20,736,['https://cdn01.pharmeasy.in/dam/products_otc/I42413/hair-4u-5-spray-solution-60ml-1.jpg?dim=300x0&f=jpg&dpr=1&q=60']
New Itchguard Plus Cooling Menthol Tube Of 5gm Cream,ITCHGUARD PLUS,TRUE,20,14,['https://cdn01.pharmeasy.in/dam/products_otc/I47750/new-itchguard-plus-cooling-menthol-tube-of-5gm-cream-1.jpg?dim=300x0&f=jpg&dpr=1&q=60']
New Oxum Spray 100ml,OXUM,TRUE,20,242,['https://cdn01.pharmeasy.in/dam/products_otc/I39433/new-oxum-spray-100ml-1.jpg?dim=300x0&f=jpg&dpr=1&q=60']
Nicogum 2mg Mint Plus Flavour Sugar Free Mini Lozenge 10's,NICOGUM,TRUE,20,90,['https://cdn01.pharmeasy.in/dam/products_otc/I16784/nicogum-2mg-mint-plus-flavour-sugar-free-mini-lozenge-10s-1.jpg?dim=300x0&f=jpg&dpr=1&q=60']
Nicotex 2mg Sugar Free Cinnamon Chew Gum 9's,NICOTEX,TRUE,20,77,['https://cdn01.pharmeasy.in/dam/products_otc/281490/nicotex-2mg-sugar-free-cinnamon-chew-gum-9s-1.jpg?dim=300x0&f=jpg&dpr=1&q=60']
Nicotex 2mg Sugar Free Mint Plus Gum 9's,NICOTEX,TRUE,20,77,['https://cdn01.pharmeasy.in/dam/products_otc/I15121/nicotex-2mg-sugar-free-mint-plus-gum-9s-1.jpg?dim=300x0&f=jpg&dpr=1&q=60']
Nicotex 2mg Sugar Free Paan Flavour Gum 9's,NICOTEX,TRUE,20,77,['https://cdn01.pharmeasy.in/dam/products_otc/I16803/nicotex-2mg-sugar-free-paan-flavour-gum-9s-1.jpg?dim=300x0&f=jpg&dpr=1&q=60']
Nicotex Sugar Free Classic Fresh Mint 2mg Chew Gum 9's,NICOTEX,TRUE,20,77,['https://cdn01.pharmeasy.in/dam/products_otc/326102/nicotex-sugar-free-classic-fresh-mint-2mg-chew-gum-9s-1.jpg?dim=300x0&f=jpg&dpr=1&q=60']
Nivea Aloe Hydration Body Lotion 400 Ml,Nivea,TRUE,20,375,['https://cdn01.pharmeasy.in/dam/products_otc/I40916/nivea-aloe-hydration-body-lotion-400-ml-1.jpg?dim=300x0&f=jpg&dpr=1&q=60']
"Nivea Body Milk Nourishing Lotion, 400ml Pump",Nivea,TRUE,20,375,['https://cdn01.pharmeasy.in/dam/products_otc/I40905/nivea-body-milk-nourishing-lotion-400ml-pump-1.jpg?dim=300x0&f=jpg&dpr=1&q=60']
Nivea Creme Cream 200ml,Nivea,TRUE,20,280,['https://cdn01.pharmeasy.in/dam/products_otc/124355/nivea-creme-cream-200ml-1.jpg?dim=300x0&f=jpg&dpr=1&q=60']
Nivea Creme Cream 60ml,Nivea,TRUE,20,99,['https://cdn01.pharmeasy.in/dam/products_otc/124365/nivea-creme-cream-60ml-1.jpg?dim=300x0&f=jpg&dpr=1&q=60']
Nivea Soft Light Moisturiser 100ml,Nivea,TRUE,20,160,['https://cdn01.pharmeasy.in/dam/products_otc/I41687/nivea-soft-light-moisturiser-100ml-1.jpg?dim=300x0&f=jpg&dpr=1&q=60']
"Nivea Soft Light Moisturiser, 200ml",Nivea,TRUE,20,270,['https://cdn01.pharmeasy.in/dam/products_otc/I40923/nivea-soft-light-moisturiser-200ml-1.jpg?dim=300x0&f=jpg&dpr=1&q=60']
Oculeaf Eyelid Wipes 24's Wipes,Essentium Phygen,TRUE,20,568,['https://cdn01.pharmeasy.in/dam/products_otc/I40580/oculeaf-eyelid-wipes-24s-wipes-1.jpg?dim=300x0&f=jpg&dpr=1&q=60']
Oral-b Cross Action Bigger And Vorteils Pack Toothbrush Replacement Heads - Pack Of 4,Oral-B,TRUE,20,1800,['https://cdn01.pharmeasy.in/dam/products_otc/J36552/oral-b-cross-action-bigger-and-vorteils-pack-toothbrush-replacement-heads-pack-of-4-1.jpg?dim=300x0&f=jpg&dpr=1&q=60']
Oral-b Crossaction Electric Toothbrush Replacement Heads - Pack Of 2,Oral-B,TRUE,20,955,['https://cdn01.pharmeasy.in/dam/products_otc/F31566/oral-b-crossaction-electric-toothbrush-replacement-heads-pack-of-2-2.jpg?dim=300x0&f=jpg&dpr=1&q=60']
Oral-b Kids Electric Rechargeable Toothbrush Featuring Frozen Characters,Oral-B,TRUE,20,1599,['https://cdn01.pharmeasy.in/dam/products_otc/Q09623/oral-b-kids-electric-rechargeable-toothbrush-featuring-frozen-characters-1.jpg?dim=300x0&f=jpg&dpr=1&q=60']
Oral-b Kids Electric Rechargeable Toothbrush Featuring Star Wars Characters,Oral-B,TRUE,20,1599,['https://cdn01.pharmeasy.in/dam/products_otc/S76072/oral-b-kids-electric-rechargeable-toothbrush-featuring-star-wars-characters-1.jpg?dim=300x0&f=jpg&dpr=1&q=60']
Oral-b Ultrathin Sensitive Toothbrush - 1 Piece (black),Oral-B,TRUE,20,70,['https://cdn01.pharmeasy.in/dam/products_otc/I05205/oral-b-ultrathin-sensitive-toothbrush-1-piece-black-1.jpg?dim=300x0&f=jpg&dpr=1&q=60']
"Peebuddy - Disposable, Portable Female Urination Device For Women - 10 Funnels",PeeBuddy,TRUE,20,175,['https://cdn01.pharmeasy.in/dam/products_otc/I48486/peebuddy-disposable-portable-female-urination-device-for-women-10-funnels-1.jpg?dim=300x0&f=jpg&dpr=1&q=60']
"Peebuddy - Disposable, Portable Female Urination Device For Women - 20 Funnels",PeeBuddy,TRUE,20,375,['https://cdn01.pharmeasy.in/dam/products_otc/I48487/peebuddy-disposable-portable-female-urination-device-for-women-20-funnels-1.jpg?dim=300x0&f=jpg&dpr=1&q=60']
Peebuddy - Flushable Toilet Seat Cover To Avoid Direct Contact With Unhygienic Toilet Seats - 20 Seat Covers,PeeBuddy,TRUE,20,175,['https://cdn01.pharmeasy.in/dam/products_otc/I48511/peebuddy-flushable-toilet-seat-cover-to-avoid-direct-contact-with-unhygienic-toilet-seats-20-seat-covers-1.jpg?dim=300x0&f=jpg&dpr=1&q=60']
Peebuddy - Stand And Pee Reusable Portable Urination Funnel For Women ( 1 Unit),PeeBuddy,TRUE,20,275,['https://cdn01.pharmeasy.in/dam/products_otc/I48489/peebuddy-stand-and-pee-reusable-portable-urination-funnel-for-women-1-unit-1.jpg?dim=300x0&f=jpg&dpr=1&q=60']
Polycrol Xpress Releif Syp 200ml,Polycrol,TRUE,20,106,['https://cdn01.pharmeasy.in/dam/products_otc/348075/polycrol-xpress-releif-syp-200ml-1.jpg?dim=300x0&f=jpg&dpr=1&q=60']
Polycrol Xpress Relief Mint Sugar Free Syrup 200ml,Polycrol,TRUE,20,106,['https://cdn01.pharmeasy.in/dam/products_otc/I02813/polycrol-xpress-relief-mint-sugar-free-syrup-200ml-1.jpg?dim=300x0&f=jpg&dpr=1&q=60']
Polycrol Xpress Relief Mint Sugar Free Syrup 450ml,Polycrol,TRUE,20,158.9,['https://cdn01.pharmeasy.in/dam/products_otc/200670/polycrol-xpress-relief-mint-sugar-free-syrup-450ml-1.jpg?dim=300x0&f=jpg&dpr=1&q=60']
Polycrol Xpress Relief Paan Syrup 200ml,POLYCROL XPRESS RELIEF PAAN,TRUE,20,106,['https://cdn01.pharmeasy.in/dam/products_otc/X90403/polycrol-xpress-relief-paan-syrup-200ml-1.jpg?dim=300x0&f=jpg&dpr=1&q=60']
Power Gummies Hair Vitamins With Biotin (1 Month Pack),Power Gummies,TRUE,20,1200,['https://cdn01.pharmeasy.in/dam/products_otc/O04143/power-gummies-hair-vitamins-with-biotin-1-month-pack-1.jpg?dim=300x0&f=jpg&dpr=1&q=60']
Raho Safe Germ Free Multipurpose Sanitizing Surface Protectant - 100 Ml,Raho Safe,TRUE,20,349,['https://cdn01.pharmeasy.in/dam/products_otc/H74649/raho-safe-germ-free-multipurpose-sanitizing-surface-protectant-100-ml-1.jpg?dim=300x0&f=jpg&dpr=1&q=60']
Sanfe Disposable Underarm Sweat Pad For Men & Women - 14 Pads,Sanfe,TRUE,20,398,['https://cdn01.pharmeasy.in/dam/products_otc/R77667/sanfe-disposable-underarm-sweat-pad-for-men-women-14-pads-1.jpg?dim=300x0&f=jpg&dpr=1&q=60']
Sanfe Natural Intimate Wipes - 40 Count | 40 Individually Wrapped Wipes |ph Balanced With Tea Tree Essential Oil And Alovera Extracts,Sanfe,TRUE,20,396,['https://cdn01.pharmeasy.in/dam/products_otc/S04879/sanfe-natural-intimate-wipes-40-count-40-individually-wrapped-wipes-ph-balanced-with-tea-tree-essential-oil-and-alovera-extracts-1.jpg?dim=300x0&f=jpg&dpr=1&q=60']
"Sanfe Period Pain Relief Roll On -10ml (pack Of 2) With Ayurvedic Extracts |improves Mood Swings , Period Cramps , Lower Abdominal Pain , Back Aches",Sanfe,TRUE,20,440,['https://cdn01.pharmeasy.in/dam/products_otc/J60951/sanfe-period-pain-relief-roll-on-10ml-pack-of-2-with-ayurvedic-extracts-improves-mood-swings-period-cramps-lower-abdominal-pain-back-aches-1.jpg?dim=300x0&f=jpg&dpr=1&q=60']
"Sanfe Reusable Menstrual Cup Large - 1 Unit |medical Grade Silicone | No Rashes , No Leakage , No Odor",Sanfe,TRUE,20,499,['https://cdn01.pharmeasy.in/dam/products_otc/V85840/sanfe-reusable-menstrual-cup-large-1-unit-medical-grade-silicone-no-rashes-no-leakage-no-odor-1.jpg?dim=300x0&f=jpg&dpr=1&q=60']
Sanfe Stand And Pee Disposable Female Urination Device For Women - 100 Funnels,Sanfe,TRUE,20,990,['https://cdn01.pharmeasy.in/dam/products_otc/J27499/sanfe-stand-and-pee-disposable-female-urination-device-for-women-100-funnels-1.jpg?dim=300x0&f=jpg&dpr=1&q=60']
Sanfe Stand And Pee Disposable Female Urination Device For Women - 50 Funnels,Sanfe,TRUE,20,495,['https://cdn01.pharmeasy.in/dam/products_otc/M05610/sanfe-stand-and-pee-disposable-female-urination-device-for-women-50-funnels-1.jpg?dim=300x0&f=jpg&dpr=1&q=60']
Saridon Strip Of 10 Tablets,SARIDON,TRUE,20,31.87,['https://cdn01.pharmeasy.in/dam/products_otc/156565/saridon-strip-of-10-tablets-1.jpg?dim=300x0&f=jpg&dpr=1&q=60']
Scalpe + Anti Dandruff Shampoo 75 Ml,SCALPE,TRUE,20,260,['https://cdn01.pharmeasy.in/dam/products_otc/270382/scalpe-anti-dandruff-shampoo-75-ml-1.jpg?dim=300x0&f=jpg&dpr=1&q=60']
Scalpe Pro Anti-dandruff Shampoo 100ml,SCALPE,TRUE,20,185,['https://cdn01.pharmeasy.in/dam/products_otc/E01851/scalpe-pro-anti-dandruff-shampoo-100ml-1.jpg?dim=300x0&f=jpg&dpr=1&q=60']
Scalpe Pro Anti-dandruff Shampoo 100ml (pack Of 2),SCALPE,TRUE,20,370,['https://cdn01.pharmeasy.in/dam/products_otc/P44471/scalpe-pro-anti-dandruff-shampoo-100ml-pack-of-2-1.jpg?dim=300x0&f=jpg&dpr=1&q=60']
"Oral-b Ultrathin Sensitive Toothbrush - 1 Piece (black, Buy 2 Get 1 Free)",Oral-B,TRUE,20,140,['https://cdn01.pharmeasy.in/dam/products_otc/I40400/oral-b-ultrathin-sensitive-toothbrush-1-piece-black-buy-2-get-1-free-1.jpg?dim=300x0&f=jpg&dpr=1&q=60']
Organic India Cuppa Gift Box 60 Tea Bags,Organic India,TRUE,20,499,['https://cdn01.pharmeasy.in/dam/products_otc/I38942/organic-india-cuppa-gift-box-60-tea-bags-1.jpg?dim=300x0&f=jpg&dpr=1&q=60']
Organic Riot - Dazzle- Anti Pigmentation Serum - 50ml,Organic Riot,TRUE,20,1490,['https://cdn01.pharmeasy.in/dam/products_otc/K46106/organic-riot-dazzle-anti-pigmentation-serum-50ml-1.jpg?dim=300x0&f=jpg&dpr=1&q=60']
Organic Riot - Smog Block - Anti Pollution Moisturizer With Natural Spf - 50gm,Organic Riot,TRUE,20,1210,['https://cdn01.pharmeasy.in/dam/products_otc/D60827/organic-riot-smog-block-anti-pollution-moisturizer-with-natural-spf-50gm-1.jpg?dim=300x0&f=jpg&dpr=1&q=60']
Organic Riot - Zap- Anti-acne Serum - 50ml,Organic Riot,TRUE,20,1390,['https://cdn01.pharmeasy.in/dam/products_otc/N13294/organic-riot-zap-anti-acne-serum-50ml-1.jpg?dim=300x0&f=jpg&dpr=1&q=60']
"Palmolive Anti Bacterial Hand Sanitizer, Non-sticky, Alcohol Based (99.9% Germ Kill) - 500ml",Palmolive,TRUE,20,250,['https://cdn01.pharmeasy.in/dam/products_otc/O95030/palmolive-anti-bacterial-hand-sanitizer-non-sticky-alcohol-based-999-germ-kill-500ml-1.jpg?dim=300x0&f=jpg&dpr=1&q=60']
Pee Safe Aloe Vera Panty Liners 25 Pieces,Pee Safe,TRUE,20,120,['https://cdn01.pharmeasy.in/dam/products_otc/I39896/pee-safe-aloe-vera-panty-liners-25-pieces-2.jpg?dim=300x0&f=jpg&dpr=1&q=60']
Pee Safe Disposable Breast Pads - Pack Of 24,Pee Safe,TRUE,20,399,['https://cdn01.pharmeasy.in/dam/products_otc/I48608/pee-safe-disposable-breast-pads-pack-of-24-1.jpg?dim=300x0&f=jpg&dpr=1&q=60']
Pee Safe Disposable Underarm Sweat Pads (straight) - Pack Of 14,Pee Safe,TRUE,20,199,['https://cdn01.pharmeasy.in/dam/products_otc/I48606/pee-safe-disposable-underarm-sweat-pads-straight-pack-of-14-1.jpg?dim=300x0&f=jpg&dpr=1&q=60']
Pee Safe Feminine Cramp Relief Roll On With Ayurveda Extracts - 10 Ml,Pee Safe,TRUE,20,199,['https://cdn01.pharmeasy.in/dam/products_otc/I42225/pee-safe-feminine-cramp-relief-roll-on-with-ayurveda-extracts-10-ml-1.jpg?dim=300x0&f=jpg&dpr=1&q=60']
Pee Safe Natural Intimate Wash 105 Ml,Pee Safe,TRUE,20,180,['https://cdn01.pharmeasy.in/dam/products_otc/I48603/pee-safe-natural-intimate-wash-105-ml-1.jpg?dim=300x0&f=jpg&dpr=1&q=60']
Pee Safe Natural Intimate Wipes - Pack Of 10,Pee Safe,TRUE,20,65,['https://cdn01.pharmeasy.in/dam/products_otc/I48604/pee-safe-natural-intimate-wipes-pack-of-10-1.jpg?dim=300x0&f=jpg&dpr=1&q=60']
Pee Safe Organic Cotton Tampon (regular),Pee Safe,TRUE,20,279,['https://cdn01.pharmeasy.in/dam/products_otc/I48610/pee-safe-organic-cotton-tampon-regular-1.jpg?dim=300x0&f=jpg&dpr=1&q=60']
Pee Safe Organic Cotton Tampon (super Plus),Pee Safe,TRUE,20,349,['https://cdn01.pharmeasy.in/dam/products_otc/I48612/pee-safe-organic-cotton-tampon-super-plus-1.jpg?dim=300x0&f=jpg&dpr=1&q=60']
Pee Safe Organic Cotton Tampon (super),Pee Safe,TRUE,20,320,['https://cdn01.pharmeasy.in/dam/products_otc/I48611/pee-safe-organic-cotton-tampon-super-1.jpg?dim=300x0&f=jpg&dpr=1&q=60']
"Pee Safe Toilet Seat Sanitizer - Travel Pack (lavender, 50 Ml)",Pee Safe,TRUE,20,120,['https://cdn01.pharmeasy.in/dam/products_otc/I39889/pee-safe-toilet-seat-sanitizer-travel-pack-lavender-50-ml-3.jpg?dim=300x0&f=jpg&dpr=1&q=60']
"Pee Safe Toilet Seat Sanitizer - Travel Pack (mint, 50 Ml)",Pee Safe,TRUE,20,120,['https://cdn01.pharmeasy.in/dam/products_otc/I39888/pee-safe-toilet-seat-sanitizer-travel-pack-mint-50-ml-3.jpg?dim=300x0&f=jpg&dpr=1&q=60']
"Pee Safe Toilet Seat Sanitizer - Washroom Pack (lavender, 300 Ml)",Pee Safe,TRUE,20,499,['https://cdn01.pharmeasy.in/dam/products_otc/I39894/pee-safe-toilet-seat-sanitizer-washroom-pack-lavender-300-ml-2.jpg?dim=300x0&f=jpg&dpr=1&q=60']
"Pee Safe Toilet Seat Sanitizer - Washroom Pack (mint, 300 Ml)",Pee Safe,TRUE,20,499,['https://cdn01.pharmeasy.in/dam/products_otc/I39892/pee-safe-toilet-seat-sanitizer-washroom-pack-mint-300-ml-2.jpg?dim=300x0&f=jpg&dpr=1&q=60']
"Pee Safe Toilet Seat Sanitizer Spray - 75 Ml (multi-fragrance - Mint, Lavender, Floral; Pack Of 3)",Pee Safe,TRUE,20,499,['https://cdn01.pharmeasy.in/dam/products_otc/I48609/pee-safe-toilet-seat-sanitizer-spray-75-ml-multi-fragrance-mint-lavender-floral-pack-of-3-1.jpg?dim=300x0&f=jpg&dpr=1&q=60']
Scalpe Pro Anti-dandruff Shampoo 210ml,SCALPE,TRUE,20,330,['https://cdn01.pharmeasy.in/dam/products_otc/P77620/scalpe-pro-anti-dandruff-shampoo-210ml-1.jpg?dim=300x0&f=jpg&dpr=1&q=60']
Scalpe Pro Anti-dandruff Shampoo 210ml (pack Of 2),SCALPE,TRUE,20,660,['https://cdn01.pharmeasy.in/dam/products_otc/U67934/scalpe-pro-anti-dandruff-shampoo-210ml-pack-of-2-1.jpg?dim=300x0&f=jpg&dpr=1&q=60']
Sebamed Anti Age Q10 Prot Cream 50ml,Sebamed,TRUE,20,1423,['https://cdn01.pharmeasy.in/dam/products_otc/196220/sebamed-anti-age-q10-prot-cream-50ml-1.jpg?dim=300x0&f=jpg&dpr=1&q=60']
Sebamed Anti Dry Revitalizing Shampoo 200ml,Sebamed,TRUE,20,933,['https://cdn01.pharmeasy.in/dam/products_otc/221712/sebamed-anti-dry-revitalizing-shampoo-200ml-1.jpg?dim=300x0&f=jpg&dpr=1&q=60']
Sebamed Anti Hairloss Shampoo 200ml,Sebamed,TRUE,20,1403,['https://cdn01.pharmeasy.in/dam/products_otc/I01272/sebamed-anti-hairloss-shampoo-200ml-1.jpg?dim=300x0&f=jpg&dpr=1&q=60']
Sebamed Anti-dandruff Shampoo - 200ml,Sebamed,TRUE,20,600,['https://cdn01.pharmeasy.in/dam/products_otc/I00360/sebamed-anti-dandruff-shampoo-200ml-1.jpg?dim=300x0&f=jpg&dpr=1&q=60']
Sebamed Anti-dry Hydrating Body Lotion 200ml,Sebamed,TRUE,20,854,['https://cdn01.pharmeasy.in/dam/products_otc/365651/sebamed-anti-dry-hydrating-body-lotion-200ml-1.jpg?dim=300x0&f=jpg&dpr=1&q=60']
Sebamed Cleansing Bar 100gm,Sebamed,TRUE,20,199,['https://cdn01.pharmeasy.in/dam/products_otc/196227/sebamed-cleansing-bar-100gm-1.jpg?dim=300x0&f=jpg&dpr=1&q=60']
Sebamed Cleansing Shower Oil 200ml,Sebamed,TRUE,20,1037,['https://cdn01.pharmeasy.in/dam/products_otc/225089/sebamed-cleansing-shower-oil-200ml-1.jpg?dim=300x0&f=jpg&dpr=1&q=60']
Sebamed Clear Face Care Gel 50ml,Sebamed,TRUE,20,476,['https://cdn01.pharmeasy.in/dam/products_otc/I03478/sebamed-clear-face-care-gel-50ml-1.jpg?dim=300x0&f=jpg&dpr=1&q=60']
Sebamed Clear Face Cleansing Bar 100gm,Sebamed,TRUE,20,189,['https://cdn01.pharmeasy.in/dam/products_otc/196229/sebamed-clear-face-cleansing-bar-100gm-1.jpg?dim=300x0&f=jpg&dpr=1&q=60']
Sebamed Clear Face Cleansing Foam 50ml,Sebamed,TRUE,20,322,['https://cdn01.pharmeasy.in/dam/products_otc/I10064/sebamed-clear-face-cleansing-foam-50ml-1.jpg?dim=300x0&f=jpg&dpr=1&q=60']
Sebamed Face Care Gel 50ml,Sebamed,TRUE,20,476,['https://cdn01.pharmeasy.in/dam/products_otc/196228/sebamed-face-care-gel-50ml-1.jpg?dim=300x0&f=jpg&dpr=1&q=60']
Sebamed Fresh Shower Gel 200ml,Sebamed,TRUE,20,666,['https://cdn01.pharmeasy.in/dam/products_otc/226250/sebamed-fresh-shower-gel-200ml-1.jpg?dim=300x0&f=jpg&dpr=1&q=60']
Sebamed Multiprotect Sun Lotion Spf50 150ml,Sebamed,TRUE,20,1419,['https://cdn01.pharmeasy.in/dam/products_otc/N53589/sebamed-multiprotect-sun-lotion-spf50-150ml-1.jpg?dim=300x0&f=jpg&dpr=1&q=60']
Sebamed Multiprotect Sun Spray Spf30 150ml,Sebamed,TRUE,20,1237,['https://cdn01.pharmeasy.in/dam/products_otc/F17341/sebamed-multiprotect-sun-spray-spf30-150ml-1.jpg?dim=300x0&f=jpg&dpr=1&q=60']
Sebamed Olive Face & Body Wash 200ml,Sebamed,TRUE,20,663,['https://cdn01.pharmeasy.in/dam/products_otc/222824/sebamed-olive-face-body-wash-200ml-1.jpg?dim=300x0&f=jpg&dpr=1&q=60']
Sebamed Pro Regenerating Cream,Sebamed,TRUE,20,2400,['https://cdn01.pharmeasy.in/dam/products_otc/U69108/sebamed-pro-regenerating-cream-1.jpg?dim=300x0&f=jpg&dpr=1&q=60']
Sebamed Spf 30 Sun Spray 150ml,Sebamed,TRUE,20,1237,['https://cdn01.pharmeasy.in/dam/products_otc/219828/sebamed-spf-30-sun-spray-150ml-1.jpg?dim=300x0&f=jpg&dpr=1&q=60']
Sebamed Suncare Lotion 50+ 150ml,Sebamed,TRUE,20,1382,['https://cdn01.pharmeasy.in/dam/products_otc/219851/sebamed-suncare-lotion-50-150ml-1.jpg?dim=300x0&f=jpg&dpr=1&q=60']
Sesa Ayurvedic Hair Oil (strong Roots) - 100ml,SESA,TRUE,20,180,['https://cdn01.pharmeasy.in/dam/products_otc/C69727/sesa-ayurvedic-hair-oil-strong-roots-100ml-1.jpg?dim=300x0&f=jpg&dpr=1&q=60']
Sesa Ayurvedic Hair Spa Kit,SESA,TRUE,20,299,['https://cdn01.pharmeasy.in/dam/products_otc/Q19385/sesa-ayurvedic-hair-spa-kit-1.jpg?dim=300x0&f=jpg&dpr=1&q=60']
Sesa Hair Shampoo - 200ml,SESA,TRUE,20,175,['https://cdn01.pharmeasy.in/dam/products_otc/A51538/sesa-hair-shampoo-200ml-1.jpg?dim=300x0&f=jpg&dpr=1&q=60']
Sesa Hair Shampoo - 350ml,SESA,TRUE,20,299,['https://cdn01.pharmeasy.in/dam/products_otc/W73586/sesa-hair-shampoo-350ml-1.jpg?dim=300x0&f=jpg&dpr=1&q=60']
Sesa Oil 100ml,SESA,TRUE,20,150,['https://cdn01.pharmeasy.in/dam/products_otc/158780/sesa-oil-100ml-1.jpg?dim=300x0&f=jpg&dpr=1&q=60']
Sesa Oil 200ml,SESA,TRUE,20,280,['https://cdn01.pharmeasy.in/dam/products_otc/158785/sesa-oil-200ml-1.jpg?dim=300x0&f=jpg&dpr=1&q=60']
Sirona Fda Approved Premium Digital Tampon (heavy Flow) - 20 Tampon,Sirona,TRUE,20,315,['https://cdn01.pharmeasy.in/dam/products_otc/I48474/sirona-fda-approved-premium-digital-tampon-heavy-flow-20-tampon-1.jpg?dim=300x0&f=jpg&dpr=1&q=60']
Sirona Feminine Pain Relief Patches - 5 Patches,Sirona,TRUE,20,249,['https://cdn01.pharmeasy.in/dam/products_otc/I48459/sirona-feminine-pain-relief-patches-5-patches-1.jpg?dim=300x0&f=jpg&dpr=1&q=60']
Sirona Premium Digital Tampon (regular Flow) Medium Flow - 12 Pcs,Sirona,TRUE,20,195,['https://cdn01.pharmeasy.in/dam/products_otc/I48483/sirona-premium-digital-tampon-regular-flow-medium-flow-12-pcs-1.jpg?dim=300x0&f=jpg&dpr=1&q=60']
Sirona Premium Digital Tampon Heavy Flow - 12 Pieces,Sirona,TRUE,20,215,['https://cdn01.pharmeasy.in/dam/products_otc/I48484/sirona-premium-digital-tampon-heavy-flow-12-pieces-1.jpg?dim=300x0&f=jpg&dpr=1&q=60']
Sirona Reusable Menstrual Cup With Fda Compliant Medical Grade Silicone - Large,Sirona,TRUE,20,399,['https://cdn01.pharmeasy.in/dam/products_otc/I48470/sirona-reusable-menstrual-cup-with-fda-compliant-medical-grade-silicone-large-1.jpg?dim=300x0&f=jpg&dpr=1&q=60']
Sirona Reusable Menstrual Cup With Fda Compliant Medical Grade Silicone - Medium,Sirona,TRUE,20,399,['https://cdn01.pharmeasy.in/dam/products_otc/I48469/sirona-reusable-menstrual-cup-with-fda-compliant-medical-grade-silicone-medium-1.jpg?dim=300x0&f=jpg&dpr=1&q=60']
Sirona Reusable Menstrual Cup With Fda Compliant Medical Grade Silicone - Small,Sirona,TRUE,20,799,['https://cdn01.pharmeasy.in/dam/products_otc/I48476/sirona-reusable-menstrual-cup-with-fda-compliant-medical-grade-silicone-small-1.jpg?dim=300x0&f=jpg&dpr=1&q=60']
Sirona Under Arm Sweat Pads For Men And Women - 12 Pads,Sirona,TRUE,20,250,['https://cdn01.pharmeasy.in/dam/products_otc/I48467/sirona-under-arm-sweat-pads-for-men-and-women-12-pads-1.jpg?dim=300x0&f=jpg&dpr=1&q=60']
Sirona Under Arm Sweat Pads For Men And Women - 24 Pads,Sirona,TRUE,20,445,['https://cdn01.pharmeasy.in/dam/products_otc/I48457/sirona-under-arm-sweat-pads-for-men-and-women-24-pads-1.jpg?dim=300x0&f=jpg&dpr=1&q=60']
Sloans Balm 20gm,SLOANS,TRUE,20,65,['https://cdn01.pharmeasy.in/dam/products_otc/160640/sloans-balm-20gm-1.jpg?dim=300x0&f=jpg&dpr=1&q=60']
Sloans Liniment 71ml,SLOANS,TRUE,20,80,['https://cdn01.pharmeasy.in/dam/products_otc/160650/sloans-liniment-71ml-1.jpg?dim=300x0&f=jpg&dpr=1&q=60']
Softovac Bowel Regulator - 100g,Softovac,TRUE,20,135,['https://cdn01.pharmeasy.in/dam/products_otc/I11042/softovac-bowel-regulator-100g-1.jpg?dim=300x0&f=jpg&dpr=1&q=60']
Softovac Bowel Regulator Powder - 250g,Softovac,TRUE,20,310,['https://cdn01.pharmeasy.in/dam/products_otc/I40514/softovac-bowel-regulator-powder-250g-1.jpg?dim=300x0&f=jpg&dpr=1&q=60']
Softovac-o Bowel Regulator Orange Flavour Powder - 80g,Softovac,TRUE,20,129,['https://cdn01.pharmeasy.in/dam/products_otc/L14276/softovac-o-bowel-regulator-orange-flavour-powder-80g-1.jpg?dim=300x0&f=jpg&dpr=1&q=60']
Softovac-sf Sugar Free Powder - 100g,Softovac,TRUE,20,145,['https://cdn01.pharmeasy.in/dam/products_otc/161160/softovac-sf-sugar-free-powder-100g-1.jpg?dim=300x0&f=jpg&dpr=1&q=60']
Softovac-sf Sugar Free Powder - 250g,Softovac,TRUE,20,340,['https://cdn01.pharmeasy.in/dam/products_otc/I40513/softovac-sf-sugar-free-powder-250g-1.jpg?dim=300x0&f=jpg&dpr=1&q=60']
Stayfree Advanced All Night Ultra-comfort Napkin With Wings - 7 Pads (extra Large),Stayfree,TRUE,20,90,['https://cdn01.pharmeasy.in/dam/products_otc/G15680/stayfree-advanced-all-night-ultra-comfort-napkin-with-wings-7-pads-extra-large-1.jpg?dim=300x0&f=jpg&dpr=1&q=60']
Stayfree Advanced Ultra-comfort Napkin With Wings - 14 Pads (extra Large),Stayfree,TRUE,20,175,['https://cdn01.pharmeasy.in/dam/products_otc/I35201/stayfree-advanced-ultra-comfort-napkin-with-wings-14-pads-extra-large-1.jpg?dim=300x0&f=jpg&dpr=1&q=60']
Stayfree Dry-max Ultra-dry Napkin With Wings - 16 Pads,Stayfree,TRUE,20,167,['https://cdn01.pharmeasy.in/dam/products_otc/C83048/stayfree-dry-max-ultra-dry-napkin-with-wings-16-pads-1.jpg?dim=300x0&f=jpg&dpr=1&q=60']
Stayfree Secure Ultra Thin With Wings - 10 Pads Xl,Stayfree,TRUE,20,66,['https://cdn01.pharmeasy.in/dam/products_otc/E35929/stayfree-secure-ultra-thin-with-wings-10-pads-xl-1.jpg?dim=300x0&f=jpg&dpr=1&q=60']
Stop-nic Nicotine Gum 2mg [standard Pack],STOP-NIC,TRUE,20,64,['https://cdn01.pharmeasy.in/dam/products_otc/V19219/stop-nic-nicotine-gum-2mg-standard-pack-1.jpg?dim=300x0&f=jpg&dpr=1&q=60']
Sugarlite - 50% Less Calories Sugar Jar - 500gm,Sugarlite,TRUE,20,99,['https://cdn01.pharmeasy.in/dam/products_otc/Z63146/sugarlite-50-less-calories-sugar-jar-500gm-1.jpg?dim=300x0&f=jpg&dpr=1&q=60']
Swisse Beauty Collagen+ - 30 Tabs,Swisse,TRUE,20,1249,['https://cdn01.pharmeasy.in/dam/products_otc/R36220/swisse-beauty-collagen-30-tabs-1.jpg?dim=300x0&f=jpg&dpr=1&q=60']
Swisse Beauty Hair Skin Nails - 300ml,Swisse,TRUE,20,1749,['https://cdn01.pharmeasy.in/dam/products_otc/F44685/swisse-beauty-hair-skin-nails-300ml-1.jpg?dim=300x0&f=jpg&dpr=1&q=60']
Swisse Sc Blood Orange Brightening Cream Moisturiser - 50ml,Swisse,TRUE,20,1549,['https://cdn01.pharmeasy.in/dam/products_otc/X74313/swisse-sc-blood-orange-brightening-cream-moisturiser-50ml-1.jpg?dim=300x0&f=jpg&dpr=1&q=60']
Swisse Sc Blood Orange Brightening Facial Serum - 30ml,Swisse,TRUE,20,1699,['https://cdn01.pharmeasy.in/dam/products_otc/Z58384/swisse-sc-blood-orange-brightening-facial-serum-30ml-1.jpg?dim=300x0&f=jpg&dpr=1&q=60']
Swisse Sc Manuka Honey Daily Glow Foaming Cleanser - 120ml,Swisse,TRUE,20,799,['https://cdn01.pharmeasy.in/dam/products_otc/E72507/swisse-sc-manuka-honey-daily-glow-foaming-cleanser-120ml-1.jpg?dim=300x0&f=jpg&dpr=1&q=60']
Swisse Sc Manuka Honey Detoxifying Clay Mask - 70gm,Swisse,TRUE,20,999,['https://cdn01.pharmeasy.in/dam/products_otc/Z55132/swisse-sc-manuka-honey-detoxifying-clay-mask-70gm-1.jpg?dim=300x0&f=jpg&dpr=1&q=60']
Swisse Ub Calcium +vitamin D - 90tabs,Swisse,TRUE,20,1299,['https://cdn01.pharmeasy.in/dam/products_otc/N10913/swisse-ub-calcium-vitamin-d-90tabs-1.jpg?dim=300x0&f=jpg&dpr=1&q=60']
Swisse Ub Hs Cranberry - 30 Capsules,Swisse,TRUE,20,1299,['https://cdn01.pharmeasy.in/dam/products_otc/X42044/swisse-ub-hs-cranberry-30-capsules-1.jpg?dim=300x0&f=jpg&dpr=1&q=60']
Swisse Ub Hs Odrls Wild Fish Oil 1500mg - 200 Capsules,Swisse,TRUE,20,2349,['https://cdn01.pharmeasy.in/dam/products_otc/E24840/swisse-ub-hs-odrls-wild-fish-oil-1500mg-200-capsules-1.jpg?dim=300x0&f=jpg&dpr=1&q=60']
Swisse Ub Joint Repair - 90tabs,Swisse,TRUE,20,3449,['https://cdn01.pharmeasy.in/dam/products_otc/A42278/swisse-ub-joint-repair-90tabs-1.jpg?dim=300x0&f=jpg&dpr=1&q=60']
Swisse Ub Magnesium - 60 Tabs,Swisse,TRUE,20,1149,['https://cdn01.pharmeasy.in/dam/products_otc/X73094/swisse-ub-magnesium-60-tabs-1.jpg?dim=300x0&f=jpg&dpr=1&q=60']
Tetmosol 5% Soap 100gm,TETMOSOL,TRUE,20,80.8,['https://cdn01.pharmeasy.in/dam/products_otc/265998/tetmosol-5-soap-100gm-1.jpg?dim=300x0&f=jpg&dpr=1&q=60']
V Bath Ph 3.5 Intimate Hygiene Cleanser 100ml,V Bath,TRUE,20,165,['https://cdn01.pharmeasy.in/dam/products_otc/330136/v-bath-ph-35-intimate-hygiene-cleanser-100ml-1.jpg?dim=300x0&f=jpg&dpr=1&q=60']
Veet Hair Removal Cream - 50 G (nikhar),Veet,TRUE,20,125,['https://cdn01.pharmeasy.in/dam/products_otc/I40185/veet-hair-removal-cream-50-g-nikhar-1.jpg?dim=300x0&f=jpg&dpr=1&q=60']
"Veet Hair Removal Cream, Dry Skin - 50 G",Veet,TRUE,20,125,['https://cdn01.pharmeasy.in/dam/products_otc/I05332/veet-hair-removal-cream-dry-skin-50-g-1.jpg?dim=300x0&f=jpg&dpr=1&q=60']
"Veet Silk & Fresh Hair Removal Cream, Normal Skin - 50 G",Veet,TRUE,20,120,['https://cdn01.pharmeasy.in/dam/products_otc/I40180/veet-silk-fresh-hair-removal-cream-normal-skin-50-g-1.jpg?dim=300x0&f=jpg&dpr=1&q=60']
"Veet Silk & Fresh Hair Removal Cream, Normal Skin -100 G",Veet,TRUE,20,199,['https://cdn01.pharmeasy.in/dam/products_otc/I40171/veet-silk-fresh-hair-removal-cream-normal-skin-100-g-1.jpg?dim=300x0&f=jpg&dpr=1&q=60']
"Veet Silk & Fresh Hair Removal Cream, Sensitive Skin - 50 G",Veet,TRUE,20,120,['https://cdn01.pharmeasy.in/dam/products_otc/I40181/veet-silk-fresh-hair-removal-cream-sensitive-skin-50-g-1.jpg?dim=300x0&f=jpg&dpr=1&q=60']
Venusia Cleansing Moist Syndet Bar 75gm,VENUSIA CLEANSING MOIST SYNDET BAR,TRUE,20,169,['https://cdn01.pharmeasy.in/dam/products_otc/I05250/venusia-cleansing-moist-syndet-bar-75gm-1.jpg?dim=300x0&f=jpg&dpr=1&q=60']
Venusia Max Intensive Moisturizing Cream For Dry & Very Dry Skin - 150gm,Venusia,TRUE,20,458,['https://cdn01.pharmeasy.in/dam/products_otc/180461/venusia-max-intensive-moisturizing-cream-for-dry-very-dry-skin-150gm-1.jpg?dim=300x0&f=jpg&dpr=1&q=60']
Venusia Max Intensive Moisturizing Lotion For All Skin Types & Every Day Use - 300gm,Venusia,TRUE,20,546.5,['https://cdn01.pharmeasy.in/dam/products_otc/263100/venusia-max-intensive-moisturizing-lotion-for-all-skin-types-every-day-use-300gm-1.jpg?dim=300x0&f=jpg&dpr=1&q=60']
Venusia Moisturizing Cream For Dry Sensitive Skin & Every Day Use - 100gm,Venusia,TRUE,20,348,['https://cdn01.pharmeasy.in/dam/products_otc/X39340/venusia-moisturizing-cream-for-dry-sensitive-skin-every-day-use-100gm-1.jpg?dim=300x0&f=jpg&dpr=1&q=60']
Venusia Moisturizing Lotion (non-comedogenic) - 200ml,Venusia,TRUE,20,495,['https://cdn01.pharmeasy.in/dam/products_otc/242434/venusia-moisturizing-lotion-non-comedogenic-200ml-1.jpg?dim=300x0&f=jpg&dpr=1&q=60']
Venusia Moisturizing Lotion - 100ml,Venusia,TRUE,20,328,['https://cdn01.pharmeasy.in/dam/products_otc/209143/venusia-moisturizing-lotion-100ml-1.jpg?dim=300x0&f=jpg&dpr=1&q=60']
Venusia Soft+ Moisturizing Lotion For Itchy And Dry Skin - 100ml,Venusia,TRUE,20,333,['https://cdn01.pharmeasy.in/dam/products_otc/I13683/venusia-soft-moisturizing-lotion-for-itchy-and-dry-skin-100ml-1.jpg?dim=300x0&f=jpg&dpr=1&q=60']
Vicks Vapo Rub Maha Saver Pack - 110ml,VICKS,TRUE,20,230,['https://cdn01.pharmeasy.in/dam/products_otc/I07006/vicks-vapo-rub-maha-saver-pack-110ml-1.jpg?dim=300x0&f=jpg&dpr=1&q=60']
Vicks Vaporub 25ml,VICKS,TRUE,20,75,['https://cdn01.pharmeasy.in/dam/products_otc/181135/vicks-vaporub-25ml-1.jpg?dim=300x0&f=jpg&dpr=1&q=60']
Vicks Vaporub 50ml,VICKS,TRUE,20,130,['https://cdn01.pharmeasy.in/dam/products_otc/181140/vicks-vaporub-50ml-1.jpg?dim=300x0&f=jpg&dpr=1&q=60']
Vicks Vaporub 5ml,VICKS,TRUE,20,20,['https://cdn01.pharmeasy.in/dam/products_otc/181145/vicks-vaporub-5ml-1.jpg?dim=300x0&f=jpg&dpr=1&q=60']
Vwash Plus 100 Ml,V WASH PLUS,TRUE,20,180,['https://cdn01.pharmeasy.in/dam/products_otc/224994/vwash-plus-100-ml-1.jpg?dim=300x0&f=jpg&dpr=1&q=60']
Vwash Plus 350 Ml (pump),V WASH PLUS,TRUE,20,415,['https://cdn01.pharmeasy.in/dam/products_otc/I09346/vwash-plus-350-ml-pump-1.jpg?dim=300x0&f=jpg&dpr=1&q=60']
Vwash Plus Ph 3.5 Liquid Wash 200ml,VWASH PLUS,TRUE,20,300,['https://cdn01.pharmeasy.in/dam/products_otc/259379/vwash-plus-ph-35-liquid-wash-200ml-1.jpg?dim=300x0&f=jpg&dpr=1&q=60']
Vwash Plus Ph 3.5 Liquid Wash 20ml,VWASH PLUS,TRUE,20,45,['https://cdn01.pharmeasy.in/dam/products_otc/I02874/vwash-plus-ph-35-liquid-wash-20ml-1.jpg?dim=300x0&f=jpg&dpr=1&q=60']
West-coast Clearclin Acne Control Facewash - 60ml,West Coast,TRUE,20,160,['https://cdn01.pharmeasy.in/dam/products_otc/M24345/west-coast-clearclin-acne-control-facewash-60ml-1.jpg?dim=300x0&f=jpg&dpr=1&q=60']
Whisper Ultra Clean Sanitary Pads - 30 Pieces (xl Plus),Whisper,TRUE,20,298,['https://cdn01.pharmeasy.in/dam/products_otc/I40410/whisper-ultra-clean-sanitary-pads-30-pieces-xl-plus-1.jpg?dim=300x0&f=jpg&dpr=1&q=60']
Whisper Ultra Nights Sanitary Pads With Wings - 10 Pieces (xxxl),Whisper,TRUE,20,250,['https://cdn01.pharmeasy.in/dam/products_otc/I40417/whisper-ultra-nights-sanitary-pads-with-wings-10-pieces-xxxl-1.jpg?dim=300x0&f=jpg&dpr=1&q=60']
Whisper Ultra Overnight Sanitary Pads With Wings - 15 Pieces (xl Plus),Whisper,TRUE,20,175,['https://cdn01.pharmeasy.in/dam/products_otc/I40416/whisper-ultra-overnight-sanitary-pads-with-wings-15-pieces-xl-plus-1.jpg?dim=300x0&f=jpg&dpr=1&q=60']
Whisper Ultra Overnight Sanitary Pads With Wings - 30 Pieces (xl Plus),Whisper,TRUE,20,319,['https://cdn01.pharmeasy.in/dam/products_otc/I40409/whisper-ultra-overnight-sanitary-pads-with-wings-30-pieces-xl-plus-1.jpg?dim=300x0&f=jpg&dpr=1&q=60']
Whisper Ultra Overnight Sanitary Pads Xl Plus 7 Pc Pack,Whisper,TRUE,20,85,['https://cdn01.pharmeasy.in/dam/products_otc/I05121/whisper-ultra-overnight-sanitary-pads-xl-plus-7-pc-pack-1.jpg?dim=300x0&f=jpg&dpr=1&q=60']
Whisper Ultra Soft Sanitary Pads - 15 Pieces (xl),Whisper,TRUE,20,135,['https://cdn01.pharmeasy.in/dam/products_otc/I04981/whisper-ultra-soft-sanitary-pads-15-pieces-xl-1.jpg?dim=300x0&f=jpg&dpr=1&q=60']
Whisper Ultra Soft Sanitary Pads - 50 Pieces (xl),Whisper,TRUE,20,415,['https://cdn01.pharmeasy.in/dam/products_otc/I40415/whisper-ultra-soft-sanitary-pads-50-pieces-xl-1.jpg?dim=300x0&f=jpg&dpr=1&q=60']
Wipeout Sanitizing Wipes - 25 Wipes (5 Packs Of 5 Wipes Each) - (free Wipeout Moisturizing Hand Sanitizer - 30ml),MyGlamm,TRUE,20,345,['https://cdn01.pharmeasy.in/dam/products_otc/Z71772/myglamm-cleansing-wipes-125-grams-pack-of-5-free-myglamm-wipeout-hand-sanitizer-30-ml-1.jpg?dim=300x0&f=jpg&dpr=1&q=60']
"Wow Anti Acne Neem & Tea Tree Face Wash - Oil Free - No Parabens, Sulphate, Silicones & Color - 100ml",WOW Skin Science,TRUE,20,299,['https://cdn01.pharmeasy.in/dam/products_otc/K14292/wow-anti-acne-neem-tea-tree-face-wash-oil-free-no-parabens-sulphate-silicones-color-100ml-1.jpg?dim=300x0&f=jpg&dpr=1&q=60']
"Wow Apple Cider Vinegar Foaming Face Wash - No Parabens, Sulphate And Silicones (with Built-in Brush), 100 Ml`",WOW Skin Science,TRUE,20,399,['https://cdn01.pharmeasy.in/dam/products_otc/T86139/wow-apple-cider-vinegar-foaming-face-wash-no-parabens-sulphate-and-silicones-with-built-in-brush-100-ml-1.jpg?dim=300x0&f=jpg&dpr=1&q=60']
Wow Skin Science 10-in-1 Miracle Hair Oil - 200 Ml,WOW Skin Science,TRUE,20,599,['https://cdn01.pharmeasy.in/dam/products_otc/Z58122/wow-skin-science-10-in-1-miracle-hair-oil-200-ml-1.jpg?dim=300x0&f=jpg&dpr=1&q=60']
Wow Skin Science Aloe Vera Gel - 250 Ml,WOW Skin Science,TRUE,20,449,['https://cdn01.pharmeasy.in/dam/products_otc/V30239/wow-skin-science-aloe-vera-gel-250-ml-1.jpg?dim=300x0&f=jpg&dpr=1&q=60']
Wow Skin Science Apple Cider Vinegar Shampoo (500 Ml),WOW Skin Science,TRUE,20,575,['https://cdn01.pharmeasy.in/dam/products_otc/A29276/wow-skin-science-apple-cider-vinegar-shampoo-500-ml-1.jpg?dim=300x0&f=jpg&dpr=1&q=60']
Wow Skin Science Apple Cider Vinegar Shampoo Tube (200 Ml),WOW Skin Science,TRUE,20,299,['https://cdn01.pharmeasy.in/dam/products_otc/C08334/wow-skin-science-apple-cider-vinegar-shampoo-tube-200-ml-1.jpg?dim=300x0&f=jpg&dpr=1&q=60']
Wow Skin Science Hair Conditioner 150 Ml Tube,WOW Skin Science,TRUE,20,289,['https://cdn01.pharmeasy.in/dam/products_otc/Z94781/wow-skin-science-hair-conditioner-150-ml-tube-1.jpg?dim=300x0&f=jpg&dpr=1&q=60']
Wow Skin Science Hair Conditioner 500ml,WOW Skin Science,TRUE,20,599,['https://cdn01.pharmeasy.in/dam/products_otc/O05692/wow-skin-science-hair-conditioner-500ml-1.jpg?dim=300x0&f=jpg&dpr=1&q=60']
Wow Skin Science Hair Loss Control Therapy Conditioner - 150 Ml - Tube,WOW Skin Science,TRUE,20,289,['https://cdn01.pharmeasy.in/dam/products_otc/Q95721/wow-skin-science-hair-loss-control-therapy-conditioner-150-ml-tube-1.jpg?dim=300x0&f=jpg&dpr=1&q=60']
Wow Skin Science Hair Loss Control Therapy Shampoo (500 Ml),WOW Skin Science,TRUE,20,575,['https://cdn01.pharmeasy.in/dam/products_otc/F34168/wow-skin-science-hair-loss-control-therapy-shampoo-500-ml-1.jpg?dim=300x0&f=jpg&dpr=1&q=60']
Wow Skin Science Hair Loss Control Therapy Shampoo Tube (200 Ml),WOW Skin Science,TRUE,20,299,['https://cdn01.pharmeasy.in/dam/products_otc/K16263/wow-skin-science-hair-loss-control-therapy-shampoo-tube-200-ml-1.jpg?dim=300x0&f=jpg&dpr=1&q=60']
Wow Skin Science Onion Black Seed Hair Oil-200 Ml,WOW Skin Science,TRUE,20,599,['https://cdn01.pharmeasy.in/dam/products_otc/K90181/wow-skin-science-onion-black-seed-hair-oil-200-ml-1.jpg?dim=300x0&f=jpg&dpr=1&q=60']
Wow Skin Science Red Onion Black Seed Oil Hair Conditioner - 500ml,WOW Skin Science,TRUE,20,599,['https://cdn01.pharmeasy.in/dam/products_otc/V31038/wow-skin-science-red-onion-black-seed-oil-hair-conditioner-500ml-1.jpg?dim=300x0&f=jpg&dpr=1&q=60']
Wow Skin Science Red Onion Black Seed Oil Hair Conditioner Tube - 150ml,WOW Skin Science,TRUE,20,289,['https://cdn01.pharmeasy.in/dam/products_otc/T02525/wow-skin-science-red-onion-black-seed-oil-hair-conditioner-tube-150ml-1.jpg?dim=300x0&f=jpg&dpr=1&q=60']
Wow Skin Science Red Onion Black Seed Oil Shampoo Tube - 200ml,WOW Skin Science,TRUE,20,299,['https://cdn01.pharmeasy.in/dam/products_otc/M61689/wow-skin-science-red-onion-black-seed-oil-shampoo-tube-200ml-1.jpg?dim=300x0&f=jpg&dpr=1&q=60']
"""lakme Blush & Glow Lemon Freshness Gel Facewash With Lemon Extracts",Lakme,FALSE,20,105,['https://cdn01.pharmeasy.in/dam/products_otc/G74213/lakme-blush-glow-lemon-freshness-gel-facewash-with-lemon-extracts-1.jpg?dim=300x0&f=jpg&dpr=1&q=60']
2baconil 2mg Nicotine Gum For Quit Smoking/tobacco (for Less Than 20 Cigarettes/day Smoker) Pack Of 50 Gums,Rusan Healthcare,FALSE,20,300,['https://cdn01.pharmeasy.in/dam/products_otc/334404/2baconil-2mg-nicotine-gum-for-quit-smoking-tobacco-for-less-than-20-cigarettes-day-smoker-pack-of-50-gums-1.jpg?dim=300x0&f=jpg&dpr=1&q=60']
Abzorb Anit Fungal Powder - 50 Gm,ABZORB,FALSE,20,75,['https://cdn01.pharmeasy.in/dam/products_otc/I32611/abzorb-anit-fungal-powder-50-gm-1.jpg?dim=300x0&f=jpg&dpr=1&q=60']
Accare Face Wash 100ml,ACCARE,FALSE,20,275,['https://cdn01.pharmeasy.in/dam/products_otc/I12321/accare-face-wash-100ml-1.jpg?dim=300x0&f=jpg&dpr=1&q=60']
Achigun Face Wash 100ml,ACHIGUN,FALSE,20,450,['https://cdn01.pharmeasy.in/dam/products_otc/I43003/achigun-face-wash-100ml-1.jpg?dim=300x0&f=jpg&dpr=1&q=60']
Acne Guard Face Wash Gel 50gm,ACNEGUARD,FALSE,20,130,['https://cdn01.pharmeasy.in/dam/products_otc/320017/acne-guard-face-wash-gel-50gm-1.jpg?dim=300x0&f=jpg&dpr=1&q=60']
Acneguard Gold Foaming Face Wash 150ml,ACNEGUARD GOLD,FALSE,20,475,['https://cdn01.pharmeasy.in/dam/products_otc/G07282/acneguard-gold-foaming-face-wash-150ml-1.jpg?dim=300x0&f=jpg&dpr=1&q=60']
Acnestal Fm Face Wash 60ml,ACNESTAL FM,FALSE,20,175,['https://cdn01.pharmeasy.in/dam/products_otc/I00729/acnestal-fm-face-wash-60ml-1.jpg?dim=300x0&f=jpg&dpr=1&q=60']
Activkids Unobiotics Junior 10 Gm X 10 Sachet,ActivKids UnoBiotics,FALSE,20,49,['https://cdn01.pharmeasy.in/dam/products_otc/G77153/activkids-unobiotics-junior-10-gm-x-10-sachet-1.jpg?dim=300x0&f=jpg&dpr=1&q=60']
Activstart Unobiotics For Adults 10 Gm X 10 Sachet,ActivStart UnoBiotics,FALSE,20,45,['https://cdn01.pharmeasy.in/dam/products_otc/S47049/activstart-unobiotics-for-adults-10-gm-x-10-sachet-1.jpg?dim=300x0&f=jpg&dpr=1&q=60']
Acwash Face Wash 100ml,ACWASH,FALSE,20,117,['https://cdn01.pharmeasy.in/dam/products_otc/I15389/acwash-face-wash-100ml-1.jpg?dim=300x0&f=jpg&dpr=1&q=60']
Aczee Beta Face Wash 60gm,ACZEE BETA,FALSE,20,240,['https://cdn01.pharmeasy.in/dam/products_otc/248676/aczee-beta-face-wash-60gm-1.jpg?dim=300x0&f=jpg&dpr=1&q=60']
Ahaglow S Foaming Face Wash 100ml,AHAGLOW S,FALSE,20,550,['https://cdn01.pharmeasy.in/dam/products_otc/I48252/ahaglow-s-foaming-face-wash-100ml-1.jpg?dim=300x0&f=jpg&dpr=1&q=60']
Akmasq Face Mask 75gm,AKMASQ,FALSE,20,240,['https://d1ljlatelrv1en.cloudfront.net/AKMASQ/resized/small/i02067-front.jpeg']
Alite Face Wash 70gm,ALITE,FALSE,20,85,['https://cdn01.pharmeasy.in/dam/products_otc/I36936/alite-face-wash-70gm-1.jpg?dim=300x0&f=jpg&dpr=1&q=60']
Altris Hd Hair Hue Therapy Dark Brown Ki,ALTRIS HD,FALSE,20,1013,['https://cdn01.pharmeasy.in/dam/products_otc/260225/altris-hd-hair-hue-therapy-dark-brown-ki-1.jpg?dim=300x0&f=jpg&dpr=1&q=60']
Amrutanjan Comfy Dry Extra Long - 7 Pads,Amrutanjan,FALSE,20,34,['https://cdn01.pharmeasy.in/dam/products_otc/V78174/amrutanjan-comfy-dry-extra-long-7-pads-1.jpg?dim=300x0&f=jpg&dpr=1&q=60']
Aqualens Comfort Contact Lens Solution - 180ml (lens Case Free),Aqualens,FALSE,20,295,['https://d1ljlatelrv1en.cloudfront.net/Aqualens/resized/small/e53307-front.jpeg']
Aqualens Comfort Contact Lens Solution - 360ml (lens Care Free),Aqualens,FALSE,20,440,['https://d1ljlatelrv1en.cloudfront.net/Aqualens/resized/small/l31360-front.jpeg']
Arioat Hand Wash 150ml,ARIOAT,FALSE,20,298,['https://cdn01.pharmeasy.in/dam/products_otc/I45468/arioat-hand-wash-150ml-1.jpg?dim=300x0&f=jpg&dpr=1&q=60']
Axe Signature Dark Temptation After Shave Lotion 100 Ml,Axe,FALSE,20,200,['https://cdn01.pharmeasy.in/dam/products_otc/239108/axe-signature-dark-temptation-after-shave-lotion-100-ml-1.jpg?dim=300x0&f=jpg&dpr=1&q=60']
Axe Signature Denim After Shave Lotion 100 Ml,Axe,FALSE,20,205,['https://cdn01.pharmeasy.in/dam/products_otc/017815/axe-signature-denim-after-shave-lotion-100-ml-1.jpg?dim=300x0&f=jpg&dpr=1&q=60']
Axe Signature Denim Cologne Talc 100 G,Axe,FALSE,20,74,['https://cdn01.pharmeasy.in/dam/products_otc/W89891/axe-signature-denim-cologne-talc-100-g-1.jpg?dim=300x0&f=jpg&dpr=1&q=60']
Axe Signature Denim Lather Shaving Cream 78g,Axe,FALSE,20,68,['https://cdn01.pharmeasy.in/dam/products_otc/J89065/axe-signature-denim-lather-shaving-cream-78g-1.jpg?dim=300x0&f=jpg&dpr=1&q=60']
Axe Signature Pulse Cologne Talc 100 G,Axe,FALSE,20,70,['https://cdn01.pharmeasy.in/dam/products_otc/H83784/axe-signature-pulse-cologne-talc-100-g-1.jpg?dim=300x0&f=jpg&dpr=1&q=60']
Azah Ultra-soft Organic Sanitary Pads ( Box Of 20 Pads - Regular),Azah,FALSE,20,269,['https://cdn01.pharmeasy.in/dam/products_otc/A74132/azah-ultra-soft-organic-sanitary-pads-box-of-20-pads-regular-1.jpg?dim=300x0&f=jpg&dpr=1&q=60']
Azah Ultra-soft Organic Sanitary Pads ( Box Of 20 Pads - Xl),Azah,FALSE,20,269,['https://cdn01.pharmeasy.in/dam/products_otc/A16336/azah-ultra-soft-organic-sanitary-pads-box-of-20-pads-xl-1.jpg?dim=300x0&f=jpg&dpr=1&q=60']
Azah Ultra-soft Organic Sanitary Pads ( Box Of 20 Pads -10r + 10xl),Azah,FALSE,20,269,['https://cdn01.pharmeasy.in/dam/products_otc/L16555/azah-ultra-soft-organic-sanitary-pads-box-of-20-pads-10r-10xl-1.jpg?dim=300x0&f=jpg&dpr=1&q=60']
B Glow Face Wash,B GLOW,FALSE,20,195,['https://cdn01.pharmeasy.in/dam/products_otc/339270/b-glow-face-wash-1.jpg?dim=300x0&f=jpg&dpr=1&q=60']
Bellissa Lite Cleanser Face Wash 60gm,BELLISSA LITE,FALSE,20,445,['https://cdn01.pharmeasy.in/dam/products_otc/I07638/bellissa-lite-cleanser-face-wash-60gm-1.jpg?dim=300x0&f=jpg&dpr=1&q=60']
"Bio Oil - 125 Ml (specialist Skin Care Oil - Scars, Stretch Mark, Ageing, Uneven Skin Tone)",Bio Oil,FALSE,20,700,['https://cdn01.pharmeasy.in/dam/products_otc/I08051/bio-oil-125-ml-specialist-skin-care-oil-scars-stretch-mark-ageing-uneven-skin-tone-1.jpg?dim=300x0&f=jpg&dpr=1&q=60']
Bioflex Latex Examination Gloves - Box Of 50 Pairs,N95 Masks & Sanitizers & Safety Gear,FALSE,20,990,['https://cdn01.pharmeasy.in/dam/products_otc/B51185/bioflex-latex-examination-gloves-box-of-50-pairs-1.jpg?dim=300x0&f=jpg&dpr=1&q=60']
Bioma Oil - Special For Skin Care - 60ml,West Coast,FALSE,20,250,['https://cdn01.pharmeasy.in/dam/products_otc/K63620/bioma-oil-special-for-skin-care-60ml-1.jpg?dim=300x0&f=jpg&dpr=1&q=60']
Bioteez S Anti Dandruff Conditioner 75gm,BIOTEEZ S,FALSE,20,180,['https://cdn01.pharmeasy.in/dam/products_otc/I48540/bioteez-s-anti-dandruff-conditioner-75gm-1.jpg?dim=300x0&f=jpg&dpr=1&q=60']
"Bodyguard - Reusable Anti Pollution Face Mask With Activated Carbon, N99 + Pm2.5 For Men And Women - Large",BodyGuard,FALSE,20,275,['https://cdn01.pharmeasy.in/dam/products_otc/I48480/bodyguard-reusable-anti-pollution-face-mask-with-activated-carbon-n99-pm25-for-men-and-women-large-1.jpg?dim=300x0&f=jpg&dpr=1&q=60']
"Bodyguard - Reusable Anti Pollution Face Mask With Activated Carbon, N99 + Pm2.5 For Men And Women - Medium",BodyGuard,FALSE,20,275,['https://cdn01.pharmeasy.in/dam/products_otc/I48475/bodyguard-reusable-anti-pollution-face-mask-with-activated-carbon-n99-pm25-for-men-and-women-medium-1.jpg?dim=300x0&f=jpg&dpr=1&q=60']
"Bodyguard Pm 2.5 Anti Dust & Pollution Face Mask With Exhalation Valve, Upto 99% Ffp3 Level Filtration Technology With Activated Carbon For Men And Women - Pack Of 1",BodyGuard,FALSE,20,149,['https://cdn01.pharmeasy.in/dam/products_otc/V18915/bodyguard-pm-25-anti-dust-pollution-face-mask-with-exhalation-valve-upto-99-ffp3-level-filtration-technology-with-activated-carbon-for-men-and-women-pack-of-1-1.jpg?dim=300x0&f=jpg&dpr=1&q=60']
Boheco Life Cannareleaf- Skin Health Cbd Oil- 100ml,BOHECO Life,FALSE,20,749,['https://cdn01.pharmeasy.in/dam/products_otc/P24370/boheco-life-cannareleaf-skin-health-cbd-oil-100ml-1.jpg?dim=300x0&f=jpg&dpr=1&q=60']
Boheco Life Cannareleaf- Skin Health Cbd Oil- 50ml,BOHECO Life,FALSE,20,499,['https://cdn01.pharmeasy.in/dam/products_otc/Q39648/boheco-life-cannareleaf-skin-health-cbd-oil-50ml-1.jpg?dim=300x0&f=jpg&dpr=1&q=60']
Boheco Life Hemp Seed Oil- 250 Ml,BOHECO Life,FALSE,20,849,['https://cdn01.pharmeasy.in/dam/products_otc/Q32616/boheco-life-hemp-seed-oil-250-ml-1.jpg?dim=300x0&f=jpg&dpr=1&q=60']
Boheco Life Hemp Seed Oil- 500 Ml,BOHECO Life,FALSE,20,1249,['https://cdn01.pharmeasy.in/dam/products_otc/Z05435/boheco-life-hemp-seed-oil-500-ml-1.jpg?dim=300x0&f=jpg&dpr=1&q=60']
Brylcreem Dandruff Protect Hair Styling Cream 75 G,Brylcreem,FALSE,20,80,['https://cdn01.pharmeasy.in/dam/products_otc/I07161/brylcreem-dandruff-protect-hair-styling-cream-75-g-1.jpg?dim=300x0&f=jpg&dpr=1&q=60']
Brylcreem Hairfall Protect Hair Styling Cream 75 G,Brylcreem,FALSE,20,80,['https://cdn01.pharmeasy.in/dam/products_otc/I07163/brylcreem-hairfall-protect-hair-styling-cream-75-g-1.jpg?dim=300x0&f=jpg&dpr=1&q=60']
Bubblewash Face Wash 100ml,BUBBLEWASH,FALSE,20,799,['https://cdn01.pharmeasy.in/dam/products_otc/I41941/bubblewash-face-wash-100ml-1.jpg?dim=300x0&f=jpg&dpr=1&q=60']
Bunty's Latex Examination Hand Gloves - 50 Pairs (medium),N95 Masks & Sanitizers & Safety Gear,FALSE,20,800,['https://cdn01.pharmeasy.in/dam/products_otc/J53556/buntys-latex-examination-hand-gloves-50-pairs-medium-1.jpg?dim=300x0&f=jpg&dpr=1&q=60']
Carmesi All Natural Panty Liner (pack Of 20),Carmesi,FALSE,20,149,['https://cdn01.pharmeasy.in/dam/products_otc/O27349/carmesi-all-natural-panty-liner-pack-of-20-1.jpg?dim=300x0&f=jpg&dpr=1&q=60']
Carmesi All Natural Panty Liner (pack Of 60),Carmesi,FALSE,20,425,['https://cdn01.pharmeasy.in/dam/products_otc/F10337/carmesi-all-natural-panty-liner-pack-of-60-1.jpg?dim=300x0&f=jpg&dpr=1&q=60']
Carmesi All Natural Sanitary Pads - 5 Regular + 5 Xl (10 Pads),Carmesi,FALSE,20,249,['https://cdn01.pharmeasy.in/dam/products_otc/U54239/carmesi-all-natural-sanitary-pads-5-regular-5-xl-10-pads-1.jpg?dim=300x0&f=jpg&dpr=1&q=60']
